,yyyy,mm,tmax,tmin,af,rain,sun
0,1853,1,---, ---, ---,57.3, ---
1,1853,2,---, ---, ---,32.3, ---
2,1853,3,---, ---, ---,65.5, ---
3,1853,4,---, ---, ---,46.2, ---
4,1853,5,---, ---, ---,13.2, ---
5,1853,6,---, ---, ---,53.3, ---
6,1853,7,---, ---, ---,78, ---
7,1853,8,---, ---, ---,56.6, ---
8,1853,9,---, ---, ---,24.5, ---
9,1853,10,---, ---, ---,94.8, ---
10,1853,11,---, ---, ---,75.5, ---
11,1853,12,---, ---, ---,39.1, ---
12,1854,1,---, ---, ---,78.9, ---
13,1854,2,---, ---, ---,38.8, ---
14,1854,3,---, ---, ---,41.2, ---
15,1854,4,---, ---, ---,4.5, ---
16,1854,5,---, ---, ---,73.5, ---
17,1854,6,---, ---, ---,115.4, ---
18,1854,7,---, ---, ---,133.1, ---
19,1854,8,---, ---, ---,65.6, ---
20,1854,9,---, ---, ---,42.4, ---
21,1854,10,---, ---, ---,73.6, ---
22,1854,11,---, ---, ---,63, ---
23,1854,12,---, ---, ---,107.2, ---
24,1855,1,---, ---, ---,7.3, ---
25,1855,2,---, ---, ---,38.7, ---
26,1855,3,---, ---, ---,54.2, ---
27,1855,4,---, ---, ---,34.2, ---
28,1855,5,---, ---, ---,62.2, ---
29,1855,6,---, ---, ---,60.2, ---
30,1855,7,---, ---, ---,71.5, ---
31,1855,8,---, ---, ---,83.3, ---
32,1855,9,---, ---, ---,37.4, ---
33,1855,10,---, ---, ---,81.9, ---
34,1855,11,---, ---, ---,17.4, ---
35,1855,12,---, ---, ---,54.3, ---
36,1856,1,---, ---, ---,58.7, ---
37,1856,2,---, ---, ---,38.8, ---
38,1856,3,---, ---, ---,21.1, ---
39,1856,4,---, ---, ---,26.3, ---
40,1856,5,---, ---, ---,107.4, ---
41,1856,6,---, ---, ---,58.1, ---
42,1856,7,---, ---, ---,39.4, ---
43,1856,8,---, ---, ---,66.9, ---
44,1856,9,---, ---, ---,80.1, ---
45,1856,10,---, ---, ---,36.5, ---
46,1856,11,---, ---, ---,36.1, ---
47,1856,12,---, ---, ---,90.5, ---
48,1857,1,---, ---, ---,82.7, ---
49,1857,2,---, ---, ---,41.6, ---
50,1857,3,---, ---, ---,99.3, ---
51,1857,4,---, ---, ---,112.2, ---
52,1857,5,---, ---, ---,31.6, ---
53,1857,6,---, ---, ---,47.5, ---
54,1857,7,---, ---, ---,70.5, ---
55,1857,8,---, ---, ---,76, ---
56,1857,9,---, ---, ---,45.7, ---
57,1857,10,---, ---, ---,40.2, ---
58,1857,11,---, ---, ---,84.6, ---
59,1857,12,---, ---, ---,42.7, ---
60,1858,1,---, ---, ---,37, ---
61,1858,2,---, ---, ---,32.8, ---
62,1858,3,---, ---, ---,27.4, ---
63,1858,4,---, ---, ---,133.8, ---
64,1858,5,---, ---, ---,83.9, ---
65,1858,6,---, ---, ---,26.3, ---
66,1858,7,---, ---, ---,78.5, ---
67,1858,8,---, ---, ---,84.6, ---
68,1858,9,---, ---, ---,47.1, ---
69,1858,10,---, ---, ---,61.8, ---
70,1858,11,---, ---, ---,30.1, ---
71,1858,12,---, ---, ---,93.2, ---
72,1859,1,---, ---, ---,72.1, ---
73,1859,2,---, ---, ---,36.4, ---
74,1859,3,---, ---, ---,64.9, ---
75,1859,4,---, ---, ---,62.1, ---
76,1859,5,---, ---, ---,10.3, ---
77,1859,6,---, ---, ---,33.7, ---
78,1859,7,---, ---, ---,47, ---
79,1859,8,---, ---, ---,81.8, ---
80,1859,9,---, ---, ---,102.2, ---
81,1859,10,---, ---, ---,38.7, ---
82,1859,11,---, ---, ---,84.9, ---
83,1859,12,---, ---, ---,63.2, ---
84,1860,1,---, ---, ---,89.3, ---
85,1860,2,---, ---, ---,28.4, ---
86,1860,3,---, ---, ---,52.5, ---
87,1860,4,---, ---, ---,37.4, ---
88,1860,5,---, ---, ---,78.3, ---
89,1860,6,---, ---, ---,94.6, ---
90,1860,7,---, ---, ---,34.9, ---
91,1860,8,---, ---, ---,126, ---
92,1860,9,---, ---, ---,23.1, ---
93,1860,10,---, ---, ---,56.1, ---
94,1860,11,---, ---, ---,47.4, ---
95,1860,12,---, ---, ---,54.2, ---
96,1861,1,---, ---, ---,86.4, ---
97,1861,2,---, ---, ---,68, ---
98,1861,3,---, ---, ---,126.4, ---
99,1861,4,---, ---, ---,28.7, ---
100,1861,5,---, ---, ---,23.9, ---
101,1861,6,---, ---, ---,158.9, ---
102,1861,7,---, ---, ---,115.8, ---
103,1861,8,---, ---, ---,138.5, ---
104,1861,9,---, ---, ---,103.4, ---
105,1861,10,---, ---, ---,69, ---
106,1861,11,---, ---, ---,81.8, ---
107,1861,12,---, ---, ---,54.5, ---
108,1862,1,---, ---, ---,118.8, ---
109,1862,2,---, ---, ---,25.1, ---
110,1862,3,---, ---, ---,77.1, ---
111,1862,4,---, ---, ---,69.8, ---
112,1862,5,---, ---, ---,109.3, ---
113,1862,6,---, ---, ---,87, ---
114,1862,7,---, ---, ---,103.6, ---
115,1862,8,---, ---, ---,60.5, ---
116,1862,9,---, ---, ---,43.9, ---
117,1862,10,---, ---, ---,121, ---
118,1862,11,---, ---, ---,46, ---
119,1862,12,---, ---, ---,84.4, ---
120,1863,1,---, ---, ---,72.1, ---
121,1863,2,---, ---, ---,20.5, ---
122,1863,3,---, ---, ---,42.9, ---
123,1863,4,---, ---, ---,44.1, ---
124,1863,5,---, ---, ---,41.9, ---
125,1863,6,---, ---, ---,106.4, ---
126,1863,7,---, ---, ---,6.7, ---
127,1863,8,---, ---, ---,88.9, ---
128,1863,9,---, ---, ---,99.3, ---
129,1863,10,---, ---, ---,144.5, ---
130,1863,11,---, ---, ---,78, ---
131,1863,12,---, ---, ---,52, ---
132,1864,1,---, ---, ---,46.3, ---
133,1864,2,---, ---, ---,35.6, ---
134,1864,3,---, ---, ---,58.6, ---
135,1864,4,---, ---, ---,50.2, ---
136,1864,5,---, ---, ---,47.2, ---
137,1864,6,---, ---, ---,57.8, ---
138,1864,7,---, ---, ---,43.5, ---
139,1864,8,---, ---, ---,56.4, ---
140,1864,9,---, ---, ---,71.6, ---
141,1864,10,---, ---, ---,63.2, ---
142,1864,11,---, ---, ---,144.1, ---
143,1864,12,---, ---, ---,53.9, ---
144,1865,1,---, ---, ---,73.9, ---
145,1865,2,---, ---, ---,114.3, ---
146,1865,3,---, ---, ---,59, ---
147,1865,4,14.8,5.5,0,25.7, ---
148,1865,5,15.7,8,0,108.9, ---
149,1865,6,21,11.6,0,16, ---
150,1865,7,20.5,12.5,0,51.8, ---
151,1865,8,19,11.4,0,88, ---
152,1865,9,20.4,11.6,0,12.4, ---
153,1865,10,13.7,6.8,0,139.8, ---
154,1865,11,9.6,3.1,2,52.3, ---
155,1865,12,9.7,4.9,0,90.8, ---
156,1866,1,8.2,2.5,4,110.4, ---
157,1866,2,7.7,0.9,8,64, ---
158,1866,3,8.3,1.7,12,66.6, ---
159,1866,4,12.2,4.6,1,52.9, ---
160,1866,5,15,5.7,0,40.2, ---
161,1866,6,18.5,10.5,0,48, ---
162,1866,7,19.9,12,0,62.4, ---
163,1866,8,17.9,10.6,0,92.5, ---
164,1866,9,15.1,7.6,0,99.3, ---
165,1866,10,13.5,7.2,0,56, ---
166,1866,11,10.2,4.4,0,85, ---
167,1866,12,9.5,3.4,3, ---, ---
168,1867,1,4.2,-2.2,18,121, ---
169,1867,2,9.8,4.1,0,93.6, ---
170,1867,3,7,0.5,13,56.1, ---
171,1867,4,12.8,5.9,0,134.2, ---
172,1867,5,15.4,7.5,0,107.6, ---
173,1867,6,18.9,10.8,0,23.2, ---
174,1867,7,19.6,11,0,108.4, ---
175,1867,8,19.9,12.2,0,68.1, ---
176,1867,9,17.1,9.7,0,35.4, ---
177,1867,10,12.8,6.6,0,125.2, ---
178,1867,11,9,3.3,4,25, ---
179,1867,12,7.8,2.4,9,55.6, ---
180,1868,1,7.3,1.9,7,138.2, ---
181,1868,2,9.9,3.5,3,96.8, ---
182,1868,3,11.2,4.1,1,128.1, ---
183,1868,4,14.1,5.6,0,76.7, ---
184,1868,5,16.9,8.1,0,47.8, ---
185,1868,6,19.9,10.7,0,28.8, ---
186,1868,7,22.9,13,0,29.3, ---
187,1868,8,19.7,11.5,0,91.1, ---
188,1868,9,17.1,9.7,0,53.8, ---
189,1868,10,12,4.6,1,73.1, ---
190,1868,11,7.9,2.2,6,111.7, ---
191,1868,12,9.5,3.6,2,162.9, ---
192,1869,1,8.5,4.1,2,91.6, ---
193,1869,2,10.4,4.8,0,183.1, ---
194,1869,3,8.1,1.1,10,66, ---
195,1869,4,14.5,5.6,0,86.8, ---
196,1869,5,12.6,5,0,71.3, ---
197,1869,6,17.9,8.8,0,31.4, ---
198,1869,7,22.5,12.6,0,46, ---
199,1869,8,19.7,11,0,43.8, ---
200,1869,9,17,10,0,125.7, ---
201,1869,10,14.2,7.6,0,51, ---
202,1869,11,10.4,3.1,9,123.7, ---
203,1869,12,6.2,-0.5,12,162.8, ---
204,1870,1,6.9,1,11,92.1, ---
205,1870,2,6.7,0.2,12,68.6, ---
206,1870,3,10.2,2.4,7,36.2, ---
207,1870,4,14.5,5.1,0,33.5, ---
208,1870,5,16,7.4,0,60.1, ---
209,1870,6,19.8,10.5,0,23.7, ---
210,1870,7,21.6,12.7,0,41.3, ---
211,1870,8,21.6,11.1,0,51.9, ---
212,1870,9,18.2,10.3,0,75, ---
213,1870,10,13.1,5.7,1,226.4, ---
214,1870,11,8.5,2.1,7,45.3, ---
215,1870,12,4.7,-1.5,17,91.1, ---
216,1871,1,5.1,-0.1,14,104.8, ---
217,1871,2,10.2,4.8,0,88.5, ---
218,1871,3,11.6,3.2,4,52.7, ---
219,1871,4,13.2,5.3,1,86, ---
220,1871,5,17.4,7.1,0,10.1, ---
221,1871,6,18.5,10,0,44.3, ---
222,1871,7,19.8,11.2,0,118.1, ---
223,1871,8,20.8,12,0,65.6, ---
224,1871,9,16,8.3,0,102.1, ---
225,1871,10,13.8,6.7,0,74.4, ---
226,1871,11,8.4,2.5,5,50.3, ---
227,1871,12,7.6,1.1,9,64.7, ---
228,1872,1,7.9,1.5,8,150.4, ---
229,1872,2,9.9,4.2,0,86.5, ---
230,1872,3,10.6,3.6,4,67.5, ---
231,1872,4,13.1,4.5,0,106.7, ---
232,1872,5,14.4,6.2,0,55.5, ---
233,1872,6,18.2,9.5,0,93.8, ---
234,1872,7,21.3,12.7,0,64.2, ---
235,1872,8,19.8,11.9,0,65.1, ---
236,1872,9,16.4,9.7,0,131.9, ---
237,1872,10,11.8,4.5,1,133.5, ---
238,1872,11,9.2,2.8,3,135, ---
239,1872,12,7.4,2,11,158.9, ---
240,1873,1,7.8,1.9,6,152.7, ---
241,1873,2,6.2,-0.4,14,12.5, ---
242,1873,3,9.2,2.1,6,53.8, ---
243,1873,4,13.1,4.6,2,13.7, ---
244,1873,5,15.3,6.1,0,49, ---
245,1873,6,19.8,10.7,0,34.9, ---
246,1873,7,20.5,12.5,0,134.1, ---
247,1873,8,18.6,11.6,0,123.6, ---
248,1873,9,16.2,7.8,0,70.6, ---
249,1873,10,11.9,4.5,5,79.8, ---
250,1873,11,9.3,2.9,0,79.8, ---
251,1873,12,9.9,4.1,3,36.4, ---
252,1874,1,8.9,2.6,3,74.8, ---
253,1874,2,9,2.4,3,55, ---
254,1874,3,11.4,4.1,4,60.7, ---
255,1874,4,14.8,5.5,0,55.3, ---
256,1874,5,15.2,6.6,0,29, ---
257,1874,6,20,9.5,0,28.9, ---
258,1874,7,21.6,12.4,0,76.7, ---
259,1874,8,19.7,11.1,0,105.7, ---
260,1874,9,16.2,9.5,0,79, ---
261,1874,10,12.7,4.9,0,97.2, ---
262,1874,11,10.4,4.4,1,81.7, ---
263,1874,12,4.8,-1.6,21,77.3, ---
264,1875,1,9.7,3.9,3,98.9, ---
265,1875,2,7.3,1.1,6,43.7, ---
266,1875,3,9.5,2.9,3,30.8, ---
267,1875,4,14.7,4.5,0,8.4, ---
268,1875,5,17.7,8.2,0,42.7, ---
269,1875,6,18.6,9.5,0,83.4, ---
270,1875,7,19.5,10,0,96.3, ---
271,1875,8,20.7,12.8,0,95, ---
272,1875,9,18.3,11.1,0,128.1, ---
273,1875,10,12.8,6.5,0,120.9, ---
274,1875,11,8.6,2.6,8,100.8, ---
275,1875,12,7.3,0.8,12,51.6, ---
276,1876,1,8.3,2.3,8,33.4, ---
277,1876,2,8.5,1,9,99.8, ---
278,1876,3,8.3,0.2,14,90.3, ---
279,1876,4,12.5,3.7,4,46.1, ---
280,1876,5,15.7,6.2,0,12, ---
281,1876,6,19.1,9.3,0,38.6, ---
282,1876,7,21.8,11.5,0,52.3, ---
283,1876,8,20.5,11.1,0,66.1, ---
284,1876,9,16.4,9,0,70.6, ---
285,1876,10,14.2,8.7,0,98.6, ---
286,1876,11,9.8,4.3,5,71.5, ---
287,1876,12,9.1,3.3,6,178.3, ---
288,1877,1,8.5,2,5,133.5, ---
289,1877,2,9.4,2.8,3,76.8, ---
290,1877,3,9.8,1.5,9,73.2, ---
291,1877,4,10.7,3.8,0,81.4, ---
292,1877,5,14.3,5.3,1,69.1, ---
293,1877,6,19.7,10.3,0,78, ---
294,1877,7,19,10.8,0,80.7, ---
295,1877,8,18.9,11,0,77.8, ---
296,1877,9,16,7.6,0,47.8, ---
297,1877,10,13.9,6.7,0,87.1, ---
298,1877,11,10,3.3,2,95.9, ---
299,1877,12,8.4,1.9,6,88.6, ---
300,1878,1,8.5,2.3,6,90.6, ---
301,1878,2,9.6,3.5,2,42.8, ---
302,1878,3,10.2,2.9,8,38.3, ---
303,1878,4,13.8,5.2,2,34.3, ---
304,1878,5,16.3,7.9,0,105.8, ---
305,1878,6,19.4,10.6,0,91.4, ---
306,1878,7,21.5,12.2,0,4.3, ---
307,1878,8,20.6,12.5,0,72.5, ---
308,1878,9,17.8,9.9,0,109.5, ---
309,1878,10,13.9,7.4,0,75.5, ---
310,1878,11,6.9,-0.3,16,42.8, ---
311,1878,12,3.3,-4.2,27,47.1, ---
312,1879,1,4.2,-2,21,45, ---
313,1879,2,6.7,0.7,9,43.6, ---
314,1879,3,8.6,1,10,52.2, ---
315,1879,4,10.9,2.6,4,61.4, ---
316,1879,5,14.4,4.8,0,87.6, ---
317,1879,6,17.8,9.8,0,136.2, ---
318,1879,7,17.7,10.6,0,133.2, ---
319,1879,8,18.7,10.5,0,81.1, ---
320,1879,9,15.7,8.2,0,96, ---
321,1879,10,12.4,5.5,1,38.5, ---
322,1879,11,9,2.9,5,35.4, ---
323,1879,12,5.4,-1.4,16,49, ---
324,1880,1,6.8,1.3,9,35, ---
325,1880,2,9.7,3,3,67.2, ---
326,1880,3,11.3,3.2,2,48.9, ---
327,1880,4,12.7,3.9,0,108.6, ---
328,1880,5,16.1,6.5,0,27.2, ---
329,1880,6,17,9.7,0,111.9, ---
330,1880,7,17.1,10.9,0,149.1, ---
331,1880,8,19.6,13.1,0,27.7, ---
332,1880,9,17.1,10.6,0,105.7, ---
333,1880,10,9.4,3.4,4,28.4, ---
334,1880,11,8.1,2.8,6,88.4, ---
335,1880,12,6.9,2.2,12,64.2, ---
336,1881,1,2,-3.3,20,10.3, ---
337,1881,2,6.2,1.6,7,70.5, ---
338,1881,3,8.3,2.2,12,81.6, ---
339,1881,4,10.4,3.8,5,52, ---
340,1881,5,15.6,7.4,0,52.3, ---
341,1881,6,15.9,9.2,0,103.6, ---
342,1881,7,17.9,11,0,64.4, ---
343,1881,8,16,9.8,0,106.8, ---
344,1881,9,14.9,8.5,0,57.1, ---
345,1881,10,10.8,5.1,3,56.7, ---
346,1881,11,11.5,5.9,0,87.8, ---
347,1881,12,6.2,1.2,9,74.6, ---
348,1882,1,8.3,3.9,0,47.6, ---
349,1882,2,9.5,4.7,0,47.4, ---
350,1882,3,10.4,4.2,1,76.2, ---
351,1882,4,11.1,4,1,93.8, ---
352,1882,5,15.3,6.3,0,86.1, ---
353,1882,6,16.2,8.9,0,77.3, ---
354,1882,7,17.4,11,0,124.7, ---
355,1882,8,17.7,11.2,0,78.8, ---
356,1882,9,14,7.6,0,78.3, ---
357,1882,10,12.3,6.6,1,66, ---
358,1882,11,7.9,1.9,6,114, ---
359,1882,12,4.7,-0.1,11,87.2, ---
360,1883,1,7.5,2.8,1,99.5, ---
361,1883,2,7.9,2.9,2,102.2, ---
362,1883,3,6.5,-0.2,17,32.4, ---
363,1883,4,11.9,3.6,1,50.3, ---
364,1883,5,14,6,0,53.2, ---
365,1883,6,16.3,9,0,72.1, ---
366,1883,7,16.6,9.8,0,51.5, ---
367,1883,8,17.5,11.1,0,58.7, ---
368,1883,9,15.2,9.2,0,125, ---
369,1883,10,12.3,6.2,0,78.7, ---
370,1883,11,8.2,2.7,3,107.4, ---
371,1883,12,7.7,2.6,4,54.5, ---
372,1884,1,8.1,3.7,3,113.9, ---
373,1884,2,7.4,2.4,2,88, ---
374,1884,3,9,3.6,2,85.6, ---
375,1884,4,11.2,3.2,2,42.6, ---
376,1884,5,14.6,5.9,0,75.8, ---
377,1884,6,17.4,8.9,0,21.3, ---
378,1884,7,18.4,11.5,0,95.2, ---
379,1884,8,18.8,11.8,0,62.5, ---
380,1884,9,16.8,9.5,0,71.5, ---
381,1884,10,12.2,5.9,0,93.6, ---
382,1884,11,8.2,4.6,0,51.1, ---
383,1884,12,6.2,1.6,6,86.1, ---
384,1885,1,6.5,1.5,6,54.9, ---
385,1885,2,8.9,1.7,7,77.3, ---
386,1885,3,8.5,0.2,16,43.5, ---
387,1885,4,11.1,3.4,2,62.1, ---
388,1885,5,12.6,3.9,1,38, ---
389,1885,6,17,7.2,0,14.1, ---
390,1885,7,19.8,10.2,0,48.5, ---
391,1885,8,18.5,9,0,49.5, ---
392,1885,9,15.3,7.2,0,110.6, ---
393,1885,10,10.1,3.5,3,74.2, ---
394,1885,11,8.8,3.2,5,46.2, ---
395,1885,12,6.9,1.8,11,36, ---
396,1886,1,4.7,-0.8,18,107.9, ---
397,1886,2,5.9,0.7,11,50.4, ---
398,1886,3,7.5,1.3,16,61.6, ---
399,1886,4,11.4,2.5,6,33.1, ---
400,1886,5,13.6,5.1,0,90, ---
401,1886,6,17,8.6,0,41.8, ---
402,1886,7,18.4,10.3,0,76.3, ---
403,1886,8,18.5,10.4,0,63, ---
404,1886,9,15.8,7.7,0,83.6, ---
405,1886,10,13.1,7,0,120.5, ---
406,1886,11,9.7,3.7,0,75, ---
407,1886,12,4.6,1.1,10,106.1, ---
408,1887,1,6.6,1.2,12,54.4, ---
409,1887,2,8.5,1.6,8,34.1, ---
410,1887,3,8.1,0.7,12,25.6, ---
411,1887,4,10.8,1.1,12,37.1, ---
412,1887,5,14.5,5.7,1,34, ---
413,1887,6,21.5,10.3,0,16.9, ---
414,1887,7,20.2,11.7,0,81.9, ---
415,1887,8,18.7,9.9,0,111, ---
416,1887,9,15.2,6.8,0,43.8, ---
417,1887,10,10.6,4.4,2,45.6, ---
418,1887,11,7.4,1.5,7,57.3, ---
419,1887,12,6.2,0.6,11,64.8, ---
420,1888,1,8,2.2,8,38.2, ---
421,1888,2,5.9,-0.1,17,7.4, ---
422,1888,3,6.4,-0.5,18,77, ---
423,1888,4,10.8,2.7,5,42.1, ---
424,1888,5,15.1,5.2,0,55.3, ---
425,1888,6,16.8,8.2,0,123.6, ---
426,1888,7,16.8,9.4,0,110.7, ---
427,1888,8,17.5,9.1,0,64.8, ---
428,1888,9,15.1,6.8,0,23.9, ---
429,1888,10,12.4,5,2,30.5, ---
430,1888,11,10,4.9,1,112.8, ---
431,1888,12,8.3,2.6,7,59.6, ---
432,1889,1,7.5,2,6,56.5, ---
433,1889,2,7,0.4,11,37.5, ---
434,1889,3,9.3,2.2,11,43.5, ---
435,1889,4,10,3.6,0,80.9, ---
436,1889,5,15.7,7.8,0,80.1, ---
437,1889,6,19.1,8.7,0,6.2, ---
438,1889,7,18.6,9.1,0,73.9, ---
439,1889,8,17,10.2,0,169, ---
440,1889,9,16,9,0,53.6, ---
441,1889,10,11.6,4.5,1,84, ---
442,1889,11,9.9,4.5,5,35.1, ---
443,1889,12,8.3,2.7,4,57.6, ---
444,1890,1,8.8,2.6,5,77.4, ---
445,1890,2,6.9,1.5,6,21, ---
446,1890,3,9.9,2.7,8,65.8, ---
447,1890,4,12,2.6,4,33.3, ---
448,1890,5,15.2,6.9,0,35.1, ---
449,1890,6,17.1,9.2,0,64.3, ---
450,1890,7,17.6,9.3,0,58.2, ---
451,1890,8,17.1,8.4,0,86.9, ---
452,1890,9,17.8,10.3,0,72.5, ---
453,1890,10,13.5,6.6,0,60.7, ---
454,1890,11,9.7,2.8,6,154.4, ---
455,1890,12,5.1,0.2,13,39.8, ---
456,1891,1,5.9,0.1,10,31.8, ---
457,1891,2,10.1,2.2,6,5.5, ---
458,1891,3,8.4,0.2,14,44.1, ---
459,1891,4,9.8,1.7,6,55.3, ---
460,1891,5,13.5,4.3,1,53, ---
461,1891,6,18.9,9.7,0,67.8, ---
462,1891,7,18.4,10.5,0,39.4, ---
463,1891,8,17.2,10.4,0,122.6, ---
464,1891,9,17.2,9.4,0,41.5, ---
465,1891,10,12.7,4.4,4,86.5, ---
466,1891,11,8.2,2.3,4,67, ---
467,1891,12,7.8,2,6,109.1, ---
468,1892,1,5.4,-0.5,14,52.6, ---
469,1892,2,6.7,1.4,10,27.5, ---
470,1892,3,7.4,-1,21,18.4, ---
471,1892,4,13.1,1.4,9,17.9, ---
472,1892,5,15.3,6.4,1,129.7, ---
473,1892,6,17.2,7.5,0,65.6, ---
474,1892,7,17.3,9.3,0,67.9, ---
475,1892,8,17.7,10.2,0,196.1, ---
476,1892,9,14.9,7.3,0,57.5, ---
477,1892,10,10.3,2.4,6,59.3, ---
478,1892,11,9.8,3.8,3,94.5, ---
479,1892,12,5.6,0.4,15,38.7, ---
480,1893,1,5.9,1.4,9,52.3, ---
481,1893,2,7.6,1.8,7,59.9, ---
482,1893,3,11.6,3.1,1,25.4, ---
483,1893,4,14.8,4.4,2,26, ---
484,1893,5,16.1,8.3,0,25.7, ---
485,1893,6,19.6,9.8,0,40.6, ---
486,1893,7,19.4,10.8,0,59.6, ---
487,1893,8,19.8,11.6,0,111.5, ---
488,1893,9,16.1,7.8,0,36, ---
489,1893,10,12.7,5.1,2,72.4, ---
490,1893,11,8.2,1.8,10,36.8, ---
491,1893,12,7.7,2.5,5,71, ---
492,1894,1,6.2,0.7,11,119.3, ---
493,1894,2,9,2.5,3,89.9, ---
494,1894,3,11.1,1.9,5,44.8, ---
495,1894,4,12.7,5.7,0,65.6, ---
496,1894,5,12.6,3.8,4,65.8, ---
497,1894,6,16.7,7.9,0,77.3, ---
498,1894,7,18.7,10.5,0,86.5, ---
499,1894,8,16.7,10,0,59.2, ---
500,1894,9,15.4,5.6,0,2, ---
501,1894,10,12.4,5,5,112.3, ---
502,1894,11,10.2,4,3,51.2, ---
503,1894,12,8.1,2.6,6,69, ---
504,1895,1,2.9,-2.5,21,53.2, ---
505,1895,2,3.1,-4.2,22,9.7, ---
506,1895,3,8.9,2.8,6,85.5, ---
507,1895,4,11.8,3.6,4,29.1, ---
508,1895,5,16.9,6.1,0,6.7, ---
509,1895,6,20,8,0,56.9, ---
510,1895,7,17.8,9.6,0,134, ---
511,1895,8,18.1,10.3,0,115.3, ---
512,1895,9,19,9.8,0,30.6, ---
513,1895,10,10.7,2.7,9,81, ---
514,1895,11,9.5,3.4,5,76.6, ---
515,1895,12,5.9,1.3,7,93.8, ---
516,1896,1,8,3.1,5,41.6, ---
517,1896,2,9.2,4,0,32.2, ---
518,1896,3,9.8,2.6,1,73.2, ---
519,1896,4,13.4,5.2,0,32.3, ---
520,1896,5,17.6,6.7,1,15.8, ---
521,1896,6,19.4,10.1,0,84.2, ---
522,1896,7,18.3,10,0,172.7, ---
523,1896,8,17.4,8.6,0,41.4, ---
524,1896,9,15.3,8.2,0,124.4, ---
525,1896,10,9.8,2.3,7,55.9, ---
526,1896,11,8.3,2.1,7,22.4, ---
527,1896,12,6.6,0.7,8,86.8, ---
528,1897,1,5.4,-1.3,18,38, ---
529,1897,2,8.9,3.5,2,46.9, ---
530,1897,3,9.3,2.6,6,103.3, ---
531,1897,4,10.2,1.9,5,77.3, ---
532,1897,5,14.2,4.4,0,50.6, ---
533,1897,6,17.4,9.6,0,127.1, ---
534,1897,7,20,10.5,0,48.8, ---
535,1897,8,18.5,10.4,0,144.7, ---
536,1897,9,15.7,6.7,0,31.2, ---
537,1897,10,13.5,6.5,0,57.6, ---
538,1897,11,10.7,4.6,2,64.3, ---
539,1897,12,8.4,2.2,7,108.7, ---
540,1898,1,9.5,4.9,1,41.5, ---
541,1898,2,7.7,1.2,8,81.2, ---
542,1898,3,8.8,0.8,13,21.5, ---
543,1898,4,12.9,4.3,1,74.6, ---
544,1898,5,13.9,4.8,0,91.9, ---
545,1898,6,17.3,8.3,0,67.7, ---
546,1898,7,19,8.8,0,14.3, ---
547,1898,8,19.1,10.5,1,88.7, ---
548,1898,9,18.2,10.5,0,111.6, ---
549,1898,10,13.4,7.4,0,81.3, ---
550,1898,11,9.5,3.8,4,64.6, ---
551,1898,12,9.8,4.6,2,64.6, ---
552,1899,1,6.9,0.8,11,67.1, ---
553,1899,2,8.3,1.9,6,68, ---
554,1899,3,10.3,1.8,11,44.5, ---
555,1899,4,11.4,3.7,3,90.5, ---
556,1899,5,14.1,5,0,96.1, ---
557,1899,6,20.1,9.6,0,71.2, ---
558,1899,7,19.1,11.9,0,40.3, ---
559,1899,8,21.5,11.7,0,54.3, ---
560,1899,9,16.1,8.3,0,92.6, ---
561,1899,10,13.9,5,1,43, ---
562,1899,11,11.4,6.6,0,70.3, ---
563,1899,12,6.4,1.5,8,92.6, ---
564,1900,1,7.4,2.1,3,68.3, ---
565,1900,2,5.4,-1.2,16,61.8, ---
566,1900,3,7.2,0.8,11,17.6, ---
567,1900,4,13,4.3,1,51.1, ---
568,1900,5,14.4,5.9,0,67.6, ---
569,1900,6,18.4,9.7,0,75, ---
570,1900,7,19.9,11.9,0,81, ---
571,1900,8,18,10,0,115.6, ---
572,1900,9,17.4,8.4,0,53.3, ---
573,1900,10,12.5,5,0,93, ---
574,1900,11,9.1,3.1,5,143.6, ---
575,1900,12,9.4,4.4,0,94.9, ---
576,1901,1,6.8,2.3,4,85.4, ---
577,1901,2,6.3,0.1,11,32.2, ---
578,1901,3,7.7,1,8,55.4, ---
579,1901,4,12.8,3.5,0,72.8, ---
580,1901,5,16.9,5.4,0,56.2, ---
581,1901,6,17,8.6,0,48.2, ---
582,1901,7,20.8,12.2,0,22.1, ---
583,1901,8,18.7,10.4,0,107.4, ---
584,1901,9,16.3,9.6,0,83, ---
585,1901,10,12.5,5.4,1,80.2, ---
586,1901,11,9.2,3.7,5,98.6, ---
587,1901,12,6,0.7,13,83.1, ---
588,1902,1,6.9,2.1,11,49.9, ---
589,1902,2,5,-0.5,11,67.9, ---
590,1902,3,10.2,4,3,42.7, ---
591,1902,4,11.9,3.1,5,59.5, ---
592,1902,5,12.9,4.5,0,119.5, ---
593,1902,6,16.1,8.9,0,41.6, ---
594,1902,7,17.5,10,0,116.2, ---
595,1902,8,17.7,9.5,0,50.9, ---
596,1902,9,16.8,9,0,75.9, ---
597,1902,10,12.6,6,0,40.1, ---
598,1902,11,10,4.5,1,72.4, ---
599,1902,12,7.4,2.9,6,72.3, ---
600,1903,1,6.5,1.2,8,119.2, ---
601,1903,2,10.2,4.2,2,75, ---
602,1903,3,9.6,2.4,1,104.7, ---
603,1903,4,10.5,2.9,7,40.5, ---
604,1903,5,14.6,6.3,0,67.7, ---
605,1903,6,16.8,8.1,0,27.6, ---
606,1903,7,18.3,10.4,0,84.3, ---
607,1903,8,17.3,9.4,0,104.8, ---
608,1903,9,16.1,8.8,0,84.8, ---
609,1903,10,12.4,6.7,0,95.7, ---
610,1903,11,9.3,3.2,5,46.3, ---
611,1903,12,6,1.5,6,60, ---
612,1904,1,6.9,2.1,3,76.2, ---
613,1904,2,6,0.9,9,78.6, ---
614,1904,3,8.3,1.6,8,59.2, ---
615,1904,4,12.3,4.3,0,54.5, ---
616,1904,5,14.3,6,0,59.3, ---
617,1904,6,17.6,8.9,0,36.9, ---
618,1904,7,19.2,11.2,0,95.8, ---
619,1904,8,17.9,9.9,0,120.3, ---
620,1904,9,16,8.1,0,72.2, ---
621,1904,10,13.3,5.9,0,24.8, ---
622,1904,11,9.1,3.6,7,58.1, ---
623,1904,12,7.3,2,6,48.9, ---
624,1905,1,7.6,3.2,1,59.8, ---
625,1905,2,8,2.1,6,44, ---
626,1905,3,10.1,2.3,2,90.6, ---
627,1905,4,10.8,3.1,3,54.7, ---
628,1905,5,16,6,0,41.7, ---
629,1905,6,19.1,9.8,0,72.2, ---
630,1905,7,20.2,11.6,0,44.3, ---
631,1905,8,17.5,9.9,0,167.5, ---
632,1905,9,15.4,7.8,0,41.2, ---
633,1905,10,11.3,3.8,6,40.3, ---
634,1905,11,8,1.4,8,59.5, ---
635,1905,12,8.9,4.8,1,48.4, ---
636,1906,1,7.6,2.7,4,84.4, ---
637,1906,2,6.6,-0.2,17,62.7, ---
638,1906,3,9.1,1.7,8,42.5, ---
639,1906,4,12,1.9,5,51.5, ---
640,1906,5,13.3,5.8,0,95.5, ---
641,1906,6,18.5,9.3,0,26.1, ---
642,1906,7,19,9.9,0,50.1, ---
643,1906,8,19.8,12,0,89.7, ---
644,1906,9,18,8.1,0,33.1, ---
645,1906,10,13,5.6,2,108.8, ---
646,1906,11,9.9,4.5,1,50, ---
647,1906,12,6.4,1.8,7,71.8, ---
648,1907,1,7.1,2.4,8,19.1, ---
649,1907,2,6.6,0.5,14,49.3, ---
650,1907,3,11,3.4,1,70, ---
651,1907,4,11.2,3.2,3,64.1, ---
652,1907,5,13.7,5.6,1,95.1, ---
653,1907,6,15.2,7.8,0,111.4, ---
654,1907,7,19.2,10.3,0,55.8, ---
655,1907,8,17.3,9.2,0,75.8, ---
656,1907,9,17.6,9.3,0,20.7, ---
657,1907,10,12,6,1,104.1, ---
658,1907,11,8.9,2.7,5,63.1, ---
659,1907,12,7.2,2.1,8,61.4, ---
660,1908,1,6.9,1.3,9,61.6, ---
661,1908,2,8.7,3.3,2,52, ---
662,1908,3,8.5,1.3,8,102.2, ---
663,1908,4,10.5,1.7,7,62.4, ---
664,1908,5,16.2,7.6,0,59.7, ---
665,1908,6,18.1,8.8,0,45.2, ---
666,1908,7,19.2,11.1,0,96.1, ---
667,1908,8,18.1,9.8,0,60.4, ---
668,1908,9,16.1,8.9,0,107.3, ---
669,1908,10,15.3,8.5,1,46.2, ---
670,1908,11,11.1,4.4,2,76.4, ---
671,1908,12,8.2,2.7,5,69.9, ---
672,1909,1,7.3,2.7,3,61.6, ---
673,1909,2,7.7,2.3,5,35.5, ---
674,1909,3,7.2,0.5,14,64.8, ---
675,1909,4,12.6,4,0,78.1, ---
676,1909,5,15.5,5.7,2,45.1, ---
677,1909,6,16.4,7.5,0,53.9, ---
678,1909,7,17.6,10,0,71, ---
679,1909,8,19.3,10.4,0,51.6, ---
680,1909,9,15.7,7.2,0,47, ---
681,1909,10,12.6,5.6,4,125.8, ---
682,1909,11,8.4,0.4,13,23.3, ---
683,1909,12,5.9,0.8,11,76.3, ---
684,1910,1,6.4,1.1,11,65.1, ---
685,1910,2,8,1.4,8,126.5, ---
686,1910,3,9.9,2.8,2,28.6, ---
687,1910,4,10.9,2.8,1,61.1, ---
688,1910,5,15.1,6.1,0,51.8, ---
689,1910,6,18,9.7,0,112.2, ---
690,1910,7,18.7,9.8,0,79.8, ---
691,1910,8,18.3,10.9,0,106.1, ---
692,1910,9,16.5,8.2,0,27.8, ---
693,1910,10,13.4,6.9,0,34.1, ---
694,1910,11,7.5,0.6,13,42.8, ---
695,1910,12,8.2,3.5,3,92, ---
696,1911,1,7.3,2.1,6,27.3, ---
697,1911,2,8.1,1.4,5,75.8, ---
698,1911,3,8.9,1.5,7,24.8, ---
699,1911,4,11.6,3.4,3,62.3, ---
700,1911,5,16.8,7,0,44.2, ---
701,1911,6,18,8.1,0,39.2, ---
702,1911,7,20.9,11.4,0,75, ---
703,1911,8,20.9,11.3,0,36.5, ---
704,1911,9,17.1,8.1,0,38.7, ---
705,1911,10,12.6,5.2,2,73.6, ---
706,1911,11,8.3,2.4,4,72.9, ---
707,1911,12,7.8,2.9,2,132, ---
708,1912,1,6.6,1.5,11,93.4, ---
709,1912,2,8,1.9,7,74.2, ---
710,1912,3,10.4,3.6,0,84.8, ---
711,1912,4,13.4,4.6,1,49.5, ---
712,1912,5,15.5,6.4,0,35.5, ---
713,1912,6,16.8,9.2,0,121.6, ---
714,1912,7,18,9.3,0,70.5, ---
715,1912,8,15.5,7.6,0,152.9, ---
716,1912,9,14.8,7.1,0,22.9, ---
717,1912,10,12.1,4.3,5,28.8, ---
718,1912,11,9.2,3.8,6,64.7, ---
719,1912,12,9.1,3,3,111.7, ---
720,1913,1,7.2,2.1,6,94, ---
721,1913,2,8.2,2.5,1,25.8, ---
722,1913,3,8.9,1.9,6,77.6, ---
723,1913,4,11.7,3.6,0,84.9, ---
724,1913,5,14.2,6.3,0,96.4, ---
725,1913,6,16.8,8.5,0,101.4, ---
726,1913,7,18.1,9.6,0,39.7, ---
727,1913,8,19.4,9.6,0,24.5, ---
728,1913,9,16.9,9.1,0,105.4, ---
729,1913,10,13.8,7.3,2,94.8, ---
730,1913,11,10.9,4.7,0,74.9, ---
731,1913,12,7.3,2.4,4,73.3, ---
732,1914,1,6.9,2.2,6,35, ---
733,1914,2,9.9,3.3,1,74.4, ---
734,1914,3,9.4,1.8,9,102.7, ---
735,1914,4,14,4.6,0,33.1, ---
736,1914,5,14.8,6,1,33.9, ---
737,1914,6,18.6,8.8,0,54.4, ---
738,1914,7,19.1,11.1,0,54.3, ---
739,1914,8,19.9,10.8,0,77.5, ---
740,1914,9,16.7,8.7,0,33.9, ---
741,1914,10,13.7,6.8,1,39, ---
742,1914,11,9.6,2.7,6,95.8, ---
743,1914,12,5.3,0.2,12,181.5, ---
744,1915,1,6,1.2,7,72.7, ---
745,1915,2,7,0.1,11,90.3, ---
746,1915,3,9.7,1.6,10,22, ---
747,1915,4,12.5,4.4,0,54.2, ---
748,1915,5,14.4,5.2,3,22.1, ---
749,1915,6,18.4,8.5,0,43.9, ---
750,1915,7,17.9,9.8,0,95, ---
751,1915,8,18.3,10.2,0,71.9, ---
752,1915,9,17.1,8.9,0,37.4, ---
753,1915,10,12.5,5.1,2,57.3, ---
754,1915,11,6.7,0.3,11,43.7, ---
755,1915,12,6.6,1.7,9,131.4, ---
756,1916,1,10.1,4.7,0,75.5, ---
757,1916,2,7,0.2,11,86.4, ---
758,1916,3,6.6,0.5,16,34.2, ---
759,1916,4,12.4,3.6,1,92, ---
760,1916,5,14.3,6,0,147.9, ---
761,1916,6,16.2,6.9,0,56, ---
762,1916,7,19,10.8,0,41.6, ---
763,1916,8,20.4,11.6,0,84.5, ---
764,1916,9,16.7,9.8,0,22.2, ---
765,1916,10,13,7.2,0,138.3, ---
766,1916,11,9.3,4.4,1,89.6, ---
767,1916,12,5.4,0.4,15,61.1, ---
768,1917,1,4.4,0.6,10,42, ---
769,1917,2,6.5,-0.1,16,65.1, ---
770,1917,3,8,1.4,9,69.1, ---
771,1917,4,9.8,1,13,67.1, ---
772,1917,5,15.7,7,0,76.1, ---
773,1917,6,17.5,8.5,0,77.9, ---
774,1917,7,20.1,10.7,0,63.4, ---
775,1917,8,19,11.1,0,116.3, ---
776,1917,9,17.1,9.6,0,48.3, ---
777,1917,10,10.6,3.7,3,107, ---
778,1917,11,10.9,5.6,2,97.8, ---
779,1917,12,6.4,0.8,12,49.3, ---
780,1918,1,6.6,1.4,14,72.1, ---
781,1918,2,9.3,4.8,2,95.5, ---
782,1918,3,10.2,2.4,6,33.1, ---
783,1918,4,11.6,2.6,4,28.2, ---
784,1918,5,16.4,7.2,0,58.7, ---
785,1918,6,18,8.6,0,25.7, ---
786,1918,7,19,9.9,0,82.8, ---
787,1918,8,19.2,11.6,0,64.7, ---
788,1918,9,13.8,6.6,0,138.4, ---
789,1918,10,11.9,5.2,1,98.5, ---
790,1918,11,9.4,2.6,5,105.5, ---
791,1918,12,9.3,4.1,4,90.2, ---
792,1919,1,5.9,1.4,7,104.6, ---
793,1919,2,5.9,0.5,10,23.7, ---
794,1919,3,7.5,-0.9,19,61.8, ---
795,1919,4,12.3,3.5,5,30.9, ---
796,1919,5,17.1,7.9,0,45.6, ---
797,1919,6,17.2,8.4,0,52, ---
798,1919,7,18.8,9.1,0,16, ---
799,1919,8,19.7,10.4,0,82.3, ---
800,1919,9,16.3,7.6,0,80.4, ---
801,1919,10,12.5,5.1,1,37.9, ---
802,1919,11,6.4,-0.4,15,48.9, ---
803,1919,12,8,2.3,3,155.8, ---
804,1920,1,7.9,1.9,7,104.5, ---
805,1920,2,9.5,3.5,3,64.1, ---
806,1920,3,10.1,2.8,3,82.9, ---
807,1920,4,10.9,3.6,3,76.6, ---
808,1920,5,14.8,6.8,0,74.5, ---
809,1920,6,17.8,9.5,0,63.1, ---
810,1920,7,17.4,9.4,0,80.8, ---
811,1920,8,17.4,9.2,0,51.1, ---
812,1920,9,16.6,8.9,0,60, ---
813,1920,10,13.9,7,1,138.5, ---
814,1920,11,11.1,5.4,2,70.3, ---
815,1920,12,6.8,1.2,14,78.9, ---
816,1921,1,9.9,4.4,2,110.6, ---
817,1921,2,8.6,3.2,4,25.4, ---
818,1921,3,10,3,4,62.7, ---
819,1921,4,12.9,3.2,3,25.4, ---
820,1921,5,14.7,5.5,1,53.8, ---
821,1921,6,19.4,9.1,0,7.7, ---
822,1921,7,22,12.2,0,92.4, ---
823,1921,8,17.3,10.1,0,92.1, ---
824,1921,9,17,9.3,0,33, ---
825,1921,10,15.3,8.7,0,72.7, ---
826,1921,11,9.8,4.2,3,72.3, ---
827,1921,12,9.6,4.7,2,84.8, ---
828,1922,1,7.2,1.9,6,84.2, ---
829,1922,2,8.3,2.6,1,69.7, ---
830,1922,3,9,1.3,9,35.7, ---
831,1922,4,9.7,0.2,13,79.7, ---
832,1922,5,16.1,7.3,0,46.4, ---
833,1922,6,16.8,8.4,0,55.2, ---
834,1922,7,16.6,8.8,0,87.8, ---
835,1922,8,16,9.4,0,98.3, ---
836,1922,9,15,7.9,0,70.1, ---
837,1922,10,11.8,5,5,33, ---
838,1922,11,9.6,4.5,4,31.1, ---
839,1922,12,7.6,3.1,3,75.3, ---
840,1923,1,8.9,3.6,2,65.3, ---
841,1923,2,8.9,3.4,1,143, ---
842,1923,3,10.3,3.4,1,37.8, ---
843,1923,4,10.4,3.4,2,83.6, ---
844,1923,5,12.5,4.2,0,36.2, ---
845,1923,6,16.5,8.8,0,27.9, ---
846,1923,7,19.6,11.9,0,50.7, ---
847,1923,8,17.5,10.2,0,122.6, ---
848,1923,9,15.1,7.9,0,89.7, ---
849,1923,10,12.5,6,0,89.9, ---
850,1923,11,6.4,0.4,14,96.6, ---
851,1923,12,7.4,2.4,6,76.9, ---
852,1924,1,7.9,3,4,83.9, ---
853,1924,2,7.4,1.8,7,29.4, ---
854,1924,3,8.2,0.9,10,29.4, ---
855,1924,4,10.9,2,11,65.7, ---
856,1924,5,14.5,6.3,0,104.1, ---
857,1924,6,16.9,9.5,0,61.2, ---
858,1924,7,17.5,10.6,0,120.3, ---
859,1924,8,17.1,10.3,0,113.7, ---
860,1924,9,15.1,8.3,0,132.1, ---
861,1924,10,12.7,5.5,0,71.1, ---
862,1924,11,10.3,4.8,3,67.1, ---
863,1924,12,9.6,4.3,0,101.5, ---
864,1925,1,8.2,3.3,1,57.3, ---
865,1925,2,7.3,1.2,5,92.3, ---
866,1925,3,9.1,2,8,31.2, ---
867,1925,4,11.1,2.4,5,72.4, ---
868,1925,5,13.4,6.2,0,117.3, ---
869,1925,6,18.8,9.2,0,28.1, ---
870,1925,7,19.2,11.6,0,96.9, ---
871,1925,8,19,10.4,0,43.6, ---
872,1925,9,15,7.7,0,67, ---
873,1925,10,13.5,6.9,0,63.2, ---
874,1925,11,7.6,1.2,12,41.3, ---
875,1925,12,6.3,0.7,12,64.3, ---
876,1926,1,8.2,2.6,6,125, ---
877,1926,2,9.2,3.9,3,57, ---
878,1926,3,9.4,2.9,6,37.4, ---
879,1926,4,13.4,5.2,0,46.9, ---
880,1926,5,13.8,5.2,1,71.8, ---
881,1926,6,17.2,8.6,0,68.8, ---
882,1926,7,20.4,11.7,0,81.2, ---
883,1926,8,19.4,10.8,0,83, ---
884,1926,9,17.2,9.3,0,47.3, ---
885,1926,10,11.8,4.1,10,75.8, ---
886,1926,11,8.6,2.4,4,79.8, ---
887,1926,12,7,2.2,7,30.7, ---
888,1927,1,7.6,2.1,6,87.3, ---
889,1927,2,8.9,2.1,7,36.6, ---
890,1927,3,10.2,3.4,4,60.2, ---
891,1927,4,11.5,3.6,3,35.8, ---
892,1927,5,15.4,5.6,0,41, ---
893,1927,6,15.2,6.5,0,77.8, ---
894,1927,7,18.9,11.2,0,67.5, ---
895,1927,8,18.6,11.1,0,115.5, ---
896,1927,9,15,7.8,0,136.1, ---
897,1927,10,14,6.5,1,58.9, ---
898,1927,11,9.3,3,7,88.6, ---
899,1927,12,5.6,1.3,10,47.4, ---
900,1928,1,8.5,1.9,4,125.5, ---
901,1928,2,9.1,3.1,0,101.7, ---
902,1928,3,8.3,2.8,5,82.8, ---
903,1928,4,11.8,3.6,4,47.9, ---
904,1928,5,15.4,6.4,0,21.8, ---
905,1928,6,15.9,7.9,0,110.3, ---
906,1928,7,18.2,10.7,0,43.1, ---
907,1928,8,18.2,9.9,0,174.8, ---
908,1928,9,15.9,7.6,0,55.7, ---
909,1928,10,13,7,0,122.3, ---
910,1928,11,10.2,3.6,5,109.8, ---
911,1928,12,7.6,2,3,64, ---
912,1929,1,5.5,0.5,13,33.2,27.4
913,1929,2,5.7,1.7,10,57.8,37.1
914,1929,3,12.6,0.9,14,32.5,170.4
915,1929,4,10.9,2.4,3,23.6,144.4
916,1929,5,15.4,5.8,0,71.5,192.5
917,1929,6,17.2,7.9,0,47.9,183.8
918,1929,7,19.3,10.4,0,65.5,130
919,1929,8,17.5,10.6,0,141.8,84.8
920,1929,9,17.9,9.9,0,38.1,134.6
921,1929,10,12.2,5.5,2,140.9,115.9
922,1929,11,9.6,3.2,5,90.6,49.8
923,1929,12,7.8,2.1,4,153.9,56
924,1930,1,7.3,1.3,8,104.5,44
925,1930,2,4.8,-1.1,18,22.5,71.9
926,1930,3,8.7,1.6,10,56.6,83.8
927,1930,4,11.8,4,2,40.2,153.1
928,1930,5,15.1,6.3,0,41.4,154.8
929,1930,6,19.1,8.9,0,39.7,237.6
930,1930,7,18.1,11,0,85.2,95.2
931,1930,8,17.5,10.6,0,150.7,106.6
932,1930,9,16.4,8.9,0,76.8,118.7
933,1930,10,12.6,6.7,0,138.1,70.9
934,1930,11,9.1,2.5,7,80.4,65.3
935,1930,12,7.5,2.6,4,66.9,30.2
936,1931,1,6.4,1,11,71,58.6
937,1931,2,7.6,1.1,7,69,53.3
938,1931,3,8.1,1.5,8,35.5,116.8
939,1931,4,11.6,3.8,1,87.8,116
940,1931,5,14.6,6.6,0,94.2,156.4
941,1931,6,17.2,9.8,0,131.2,123.3
942,1931,7,17.8,11.3,0,148.5,81.1
943,1931,8,17.8,9.8,0,52.8,158.9
944,1931,9,15.4,7.9,0,51.5,93.2
945,1931,10,12.8,4.9,5,53.6,108.3
946,1931,11,10.2,4.3,2,120.4,62.3
947,1931,12,8.8,4.7,2,64.9,19.1
948,1932,1,9.8,4.2,3,78,37.6
949,1932,2,7.7,1,11,3.3,73.7
950,1932,3,9.6,1.3,10,47.6,115.8
951,1932,4,10.8,2,4,63.4,155.5
952,1932,5,14.2,6.2,0,70.4,152.8
953,1932,6,19.6,9.1,0,21.9,198.1
954,1932,7,18.9,11.5,0,134.7,113.1
955,1932,8,18.8,11,0,66.2,104.7
956,1932,9,15.5,7.8,1,80.1,105.6
957,1932,10,12,4.7,1,72.8,107.2
958,1932,11,9.4,3.7,3,53.1,72.8
959,1932,12,8.4,3.4,3,125.9,46.6
960,1933,1,6.1,0.4,13,56.2,73
961,1933,2,7.4,1.2,12,73.4,57
962,1933,3,11,3.5,1,51.8,124.3
963,1933,4,13.2,5.2,3,22.2,121.3
964,1933,5,15.4,6.8,0,65.7,122.4
965,1933,6,19,10.1,0,55.9,167.3
966,1933,7,20.8,12.5,0,70.1,158.4
967,1933,8,20.2,11.5,0,39.7,148.8
968,1933,9,18.5,9.4,0,4.2,152.2
969,1933,10,13.2,6.7,0,52.1,65.5
970,1933,11,8.6,2.6,4,24.4,67.3
971,1933,12,6.5,1.7,10,42.3,31.9
972,1934,1,8.5,2.9,3,74.5,49.6
973,1934,2,8.4,2.4,6,7,64.8
974,1934,3,8.6,1.2,8,46,114.2
975,1934,4,10.6,2.7,4,66.9,113.3
976,1934,5,14.9,6.5,0,74.9,164
977,1934,6,19.2,9.8,0,36.9,192.5
978,1934,7,22.2,12.2,0,64.6,207.8
979,1934,8,17.6,10.1,0,141,114
980,1934,9,16.6,9.1,0,119.3,129.6
981,1934,10,12.3,6.3,1,117.5,70.2
982,1934,11,8.8,3.5,6,18.2,41.2
983,1934,12,10,6,0,120.5,28.7
984,1935,1,7.8,3.1,4,37.4,33.2
985,1935,2,8.8,2.5,7,85.4,76.6
986,1935,3,10.2,3.5,2,33.2,92.7
987,1935,4,12.1,3.8,0,56.2,162.1
988,1935,5,15.8,5.3,1,22.2,251.6
989,1935,6,17.6,9.7,0,104.6,151.2
990,1935,7,20.2,10.4,0,30.5,193.2
991,1935,8,19.5,10.7,0,73.7,135.2
992,1935,9,16,8.6,0,98.6,110.1
993,1935,10,12.6,5.8,1,88.6,81
994,1935,11,8.6,2.7,4,99.3,81.3
995,1935,12,5.4,0.4,12,60.6,49.2
996,1936,1,5.3,0.5,15,85.2,33.7
997,1936,2,6.6,0.8,10,46.4,74.4
998,1936,3,10.1,4,3,43.4,72.9
999,1936,4,11,1.9,12,15.6,169.6
1000,1936,5,15.5,6.3,0,41,174.4
1001,1936,6,18.6,9.2,0,111,189
1002,1936,7,18.1,11.1,0,152.6,99
1003,1936,8,19.9,11.5,0,46.3,152.7
1004,1936,9,17.1,9.8,0,111.5,106.9
1005,1936,10,13.4,5.9,2,73,92.1
1006,1936,11,8.1,2,8,90.4,49.1
1007,1936,12,8.3,2.8,2,81.3,39.2
1008,1937,1,7.9,2.5,5,116.8,45.1
1009,1937,2,7.9,1.8,5,86.2,69.1
1010,1937,3,7,-0.1,17,58.2,107
1011,1937,4,12.5,5.8,0,57.5,49.1
1012,1937,5,16.6,7.1,0,27.6,197.7
1013,1937,6,17.5,9.2,0,54.4,111.8
1014,1937,7,19,10.9,0,83.1,93.2
1015,1937,8,20.3,11.4,0,74.8,139
1016,1937,9,16.4,8.5,0,60,106.6
1017,1937,10,12.4,5,3,68.8,71.7
1018,1937,11,9.3,3.7,4,32.7,49.5
1019,1937,12,5.7,0.6,11,56.6,35.2
1020,1938,1,8.3,2.5,3,98.2,25.9
1021,1938,2,8.5,2.5,4,31,58.8
1022,1938,3,12.7,6.2,1,25.6,87.6
1023,1938,4,13.6,2.4,5,2.3,195.9
1024,1938,5,14.3,5.8,1,97.8,140.6
1025,1938,6,17.1,8.9,0,91.5,129.3
1026,1938,7,17.9,10.4,0,121.8,96.4
1027,1938,8,19.2,10.2,0,65.6,144.2
1028,1938,9,17.2,9.8,0,55.5,91.1
1029,1938,10,13.3,6.8,0,139.3,88.3
1030,1938,11,11,6.1,0,103.2,54.9
1031,1938,12,7.2,1.2,9,84.8,43.1
1032,1939,1,6,0.4,14,76.7,58.3
1033,1939,2,9.2,3.7,1,51.9,41
1034,1939,3,10.1,3,2,77.4,99.2
1035,1939,4,12.6,4.1,3,61,148.5
1036,1939,5,16.1,6.5,0,30.6,170.1
1037,1939,6,19.3,8.2,0,49.7,233
1038,1939,7,18.5,10.8,0,113.2,95.8
1039,1939,8,19.8,10.9,0,41.3,146.5
1040,1939,9,16.9,9,0,45.8,86.1
1041,1939,10,12.3,4.4,6,92.6,116.3
1042,1939,11,11.1,5.3,0,125.9,51.5
1043,1939,12,6.2,1.4,9,60.4,30
1044,1940,1,4.3,-1.2,17,77.4,56.4
1045,1940,2,7.3,2.2,5,71.7,38.8
1046,1940,3,10.3,2.7,7,99,94.3
1047,1940,4,12.7,5.1,2,75.2,108.1
1048,1940,5,16.6,7,0,23.8,168.3
1049,1940,6,21.4,10,0,40.8,256
1050,1940,7,18.1,9.6,0,134.7,121.7
1051,1940,8,19.7,10.7,0,13.8,115.6
1052,1940,9,16.4,7.7,0,66.5,108
1053,1940,10,12.4,6.6,1,109,59.1
1054,1940,11,9.9,3.4,3,71.9,71.5
1055,1940,12,7.1,1.2,8,91.6,26.3
1056,1941,1,3.4,-1.5,17,41.8,42.8
1057,1941,2,7.3,-0.2,15,75.1,89.9
1058,1941,3,9.3,4.1,0,89.4,112.6
1059,1941,4,9.7,4.1,2,42.1,113.5
1060,1941,5,14.6,4.6,2,60.7,166.9
1061,1941,6,18.8,9.6,0,15.7,139.3
1062,1941,7,19.2,11.2,0,73.6,105.6
1063,1941,8,18.5,10,0,101.7,141.1
1064,1941,9,19,10.8,0,26,107.4
1065,1941,10,14.4,6.8,2,91.3,97.3
1066,1941,11,9.9,3.6,2,94.7,61.5
1067,1941,12,8.8,3.8,3,39.3,29.1
1068,1942,1,6.8,1.4,9,123.7,59.8
1069,1942,2,6,-0.2,13,30.2,65.6
1070,1942,3,9.7,2.8,7,75,80.2
1071,1942,4,13.3,4.5,0,57.6,203.5
1072,1942,5,15.5,6.1,0,81,212
1073,1942,6,18.9,9,0,4.6,174
1074,1942,7,18.9,10.5,0,113.4,141
1075,1942,8,18.6,11.4,0,108,83.8
1076,1942,9,16,9.2,1,105.8,114.2
1077,1942,10,12.6,6,1,56.4,80.5
1078,1942,11,9.3,2,7,13.4,68.5
1079,1942,12,9.9,4.4,2,98,28.4
1080,1943,1,8.1,3.2,4,99.4,62.8
1081,1943,2,10,3.9,0,46.4,78.8
1082,1943,3,10.6,3.8,1,29.7,114.7
1083,1943,4,14,6.1,0,35.3,119.7
1084,1943,5,15.7,5.8,1,85.6,217.3
1085,1943,6,18.6,9.4,0,76.5,188
1086,1943,7,20.4,10.7,0,66.2,196.5
1087,1943,8,18,10.7,0,100.9,109.7
1088,1943,9,16,8.7,0,52,97.2
1089,1943,10,13.9,7.2,0,70.5,92.9
1090,1943,11,9.7,3.4,4,57.3,54.4
1091,1943,12,7.4,2.6,3,56.3,22.9
1092,1944,1,9.2,4.3,1,54.7,30.9
1093,1944,2,8.1,1.2,6,24,83.8
1094,1944,3,10.8,1.6,10,20.3,114.3
1095,1944,4,14.6,6.1,1,50.4,123.6
1096,1944,5,15.8,6.6,0,41.6,148.4
1097,1944,6,17.2,8.5,0,99,99.7
1098,1944,7,19.1,12.1,0,66.3,84.5
1099,1944,8,20.3,11.2,0,102,151
1100,1944,9,15.9,7.9,0,105.4,111.7
1101,1944,10,12.3,5.5,0,111,84.8
1102,1944,11,9.1,3,5,120.2,46.3
1103,1944,12,7.4,2.1,3,103.6,28.6
1104,1945,1,4.2,-1.9,18,52.3,42.9
1105,1945,2,10.7,4.6,2,67.9,58.8
1106,1945,3,12.3,5.5,1,33.3,88.2
1107,1945,4,14.3,5.5,1,39.5,166.8
1108,1945,5,16,6.5,2,89.2,145
1109,1945,6,17.7,9.7,0,106.2,134.4
1110,1945,7,19.7,11.6,0,88.6,120.8
1111,1945,8,20.3,10.9,0,42.2,143.6
1112,1945,9,18,10.1,0,63.3,96.4
1113,1945,10,14.8,7.8,0,84.9,78.9
1114,1945,11,10.6,4.7,4,12,42
1115,1945,12,9.3,4,2,63.2, ---
1116,1946,1,7,1.3,6,107.8, ---
1117,1946,2,8.9,3.3,6,54.8, ---
1118,1946,3,10.4,2.3,5,27.5, ---
1119,1946,4,14,4,2,21.6, ---
1120,1946,5,15.3,4.8,1,22.6, ---
1121,1946,6,17.2,8.6,0,78.3, ---
1122,1946,7,18.8,10.6,0,79.7, ---
1123,1946,8,17.5,9.4,0,120, ---
1124,1946,9,16.3,9.8,0,149.3, ---
1125,1946,10,12.3,7.2,0,30.5, ---
1126,1946,11,10.2,4.4,3,113.8, ---
1127,1946,12,6.9,0.8,9,97.3, ---
1128,1947,1,6.2,0.9,8,56.3,40.9
1129,1947,2,2.1,-2.1,23,26.6,46.1
1130,1947,3,6.7,0,12,114.7,78.1
1131,1947,4,12.2,4,3,91.4,121.6
1132,1947,5,16,7.7,0,76.5,181.9
1133,1947,6,18.1,10.1,0,95,143.9
1134,1947,7,18.8,10.7,0,82.4, ---
1135,1947,8,23.2,11.7,0,14.2, ---
1136,1947,9,17.5,9.3,0,68.2,101.5
1137,1947,10,14.6,7.7,0,49.2,92.4
1138,1947,11,10.3,3.9,8,101.6,79.7
1139,1947,12,7.1,3.2,5,80.8,21.2
1140,1948,1,6.6,1.3,8,170.8,40.1
1141,1948,2,7.9,2.2,6,46.2,56
1142,1948,3,13.2,4.3,1,66,122.6
1143,1948,4,13.7,4.5,1,63.5,172
1144,1948,5,16.3,5,2,58.2,222.3
1145,1948,6,16.8,8.8,0,110.1,126.4
1146,1948,7,19.1,10.5,0,62,149.5
1147,1948,8,18.2,10.6,0,89,107.7
1148,1948,9,16.5,9.4,0,66.6,97.6
1149,1948,10,13.6,6.4,2,56.8,87.5
1150,1948,11,11.5,5,4,67.2,75.8
1151,1948,12,8.4,2.8,4,114.9,47.9
1152,1949,1,9.3,3.1,5,61.2,43.8
1153,1949,2,9.5,3.1,2,63.9,83.6
1154,1949,3,10.5,2.6,6,53.5,122.1
1155,1949,4,13.7,5.5,1,55.5,139.7
1156,1949,5,15.7,5.6,0,48.2,208.5
1157,1949,6,20.5,9.2,0,24.9,252.9
1158,1949,7,20,11.8,0,69.3,121.9
1159,1949,8,19.4,11.8,0,77,113.4
1160,1949,9,18.8,10.4,0,62.7,153.1
1161,1949,10,14.3,7.9,1,122.9,73.8
1162,1949,11,9.9,3.6,3,61.5,70.1
1163,1949,12,8.5,2.6,3,116.4,30.4
1164,1950,1,8.4,3.3,5,43.3,41.4
1165,1950,2,8.1,1.5,7,73.3,63
1166,1950,3,11.9,3.9,2,27.5,125.6
1167,1950,4,11.3,3.3,3,103.2,130.4
1168,1950,5,16.1,6.6,0,21.6,199
1169,1950,6,19.7,10.2,0,71.9,180.1
1170,1950,7,18.8,11.1,0,120.8,146.2
1171,1950,8,18.2,10.7,0,134.7,136.9
1172,1950,9,15.5,8.3,0,139.2,106.5
1173,1950,10,12.6,6.4,1,91.6,86.2
1174,1950,11,8.2,1.3,7,67,74.8
1175,1950,12,4.1,-0.8,16,67.8,34.8
1176,1951,1,6.6,1.5,9,67.2,55.3
1177,1951,2,6.5,-0.2,12,76.8,78.8
1178,1951,3,7.9,1.1,8,70.7,90.3
1179,1951,4,10.2,3.4,1,43.8,161.8
1180,1951,5,13.8,4.9,0,38.1,196.7
1181,1951,6,18.1,8.4,0,53.6,207.3
1182,1951,7,18.8,11.6,0,85.1,112
1183,1951,8,17.7,10.6,0,111.4,132.8
1184,1951,9,16.7,10,0,50.8,93.7
1185,1951,10,13.8,7.1,0,21.2,92
1186,1951,11,10.4,4.7,2,139.2,45.4
1187,1951,12,8.4,2.5,7,105.6,35.3
1188,1952,1,5.5,-0.6,18,116.5,50.8
1189,1952,2,7.5,1,15,25.6,57.3
1190,1952,3,10.2,3.6,5,33.9,113.5
1191,1952,4,13.5,5.1,1,38.7,145.3
1192,1952,5,16.7,7.6,0,25.7,171.5
1193,1952,6,17.2,9,0,56.4,145.1
1194,1952,7,19.7,11.7,0,40.7,105.8
1195,1952,8,18.6,10.7,0,42.1,108.4
1196,1952,9,14.4,6.1,0,27,105.6
1197,1952,10,12.6,5.5,2,44.4,121.3
1198,1952,11,7.7,1.5,10,46.1,52.7
1199,1952,12,6.4,0.8,12,85.4, ---
1200,1953,1,7.5,2.2,8,19.7,41.8
1201,1953,2,8.9,2.8,8,34.2,51.1
1202,1953,3,10.6,0.9,12,7,111.5
1203,1953,4,11.4,1.9,3,30.4,154.7
1204,1953,5,17.3,8.1,0,32.6,204.9
1205,1953,6,18.1,9.2,0,34.3,158.5
1206,1953,7,18.5,10.7,0,60,134.9
1207,1953,8,18.9,10.8,0,33.8,130.1
1208,1953,9,17.4,10.5,0,36.2,92.3
1209,1953,10,13.5,6.7,0,33.4,83.7
1210,1953,11,10.7,5.3,0,38.7,53.1
1211,1953,12,9.7,4.5,3,50.9,31.8
1212,1954,1,7.1,1.9,10,46.4,39.1
1213,1954,2,6.9,1.5,6,54.2,41.4
1214,1954,3,9.4,3,6,33.1,100.6
1215,1954,4,12.8,3,3,14,170.7
1216,1954,5,15.1,6.4,1,50.9,161.7
1217,1954,6,16.5,8.8,0,32.4,114.2
1218,1954,7,17,10,0,49.3,85.6
1219,1954,8,17.5,9.7,0,37.9,116.5
1220,1954,9,15.3,7.8,0,65.4,135.2
1221,1954,10,14.2,7.5,1,60.2,60.5
1222,1954,11,9.5,3,3,46.8,51.9
1223,1954,12,9.2,4.5,1,48.8,23.9
1224,1955,1,5.7,0.4,12,55.6,53.3
1225,1955,2,5.1,-1.5,16,27.7,70.6
1226,1955,3,8.8,-0.3,18,18.3,140.4
1227,1955,4,14.6,4.7,1,70.3,173.8
1228,1955,5,13.8,5.5,0,73.5,203.7
1229,1955,6,16.4,9.1,0,107.5,103.3
1230,1955,7,22.2,11,0,50.3,217.8
1231,1955,8,21.7,12.5,0,27.4,132.9
1232,1955,9,18,9.9,0,83.5,144.6
1233,1955,10,13,5.1,2,37.7,101.7
1234,1955,11,10.3,5.4,2,51.4,40.4
1235,1955,12,8.8,3,4,102.9,30.1
1236,1956,1,6.6,0.9,13,50.1,46.2
1237,1956,2,5.7,-0.9,19,26.7,73.1
1238,1956,3,10.4,3.8,2,67.1,114.6
1239,1956,4,12.6,3,6,27.6,152.1
1240,1956,5,16.1,7,1,33.1,170.1
1241,1956,6,17.4,8.2,0,62.7,179.7
1242,1956,7,18.8,11.1,0,95.5,133.8
1243,1956,8,16.9,9.1,0,150,129.3
1244,1956,9,16.2,10,0,84.5,74.1
1245,1956,10,13.1,6.2,1,49.4,96.6
1246,1956,11,9.9,4.6,1,58,40.6
1247,1956,12,8.8,4.2,3,138.1,23.7
1248,1957,1,8.5,1.8,9,114.4,57.9
1249,1957,2,8.6,1.8,7,51.4,85
1250,1957,3,12.2,6.5,1,62.3,62.7
1251,1957,4,13.2,4.2,0,29.8,173.5
1252,1957,5,15.2,5.8,1,61.8,187.9
1253,1957,6,19.9,8.3,0,35.6,244.1
1254,1957,7,18.3,11.6,0,93.8,65
1255,1957,8,18.1,11,0,141.4,111.4
1256,1957,9,15.2,8.3,0,98.3,88.9
1257,1957,10,13.2,6.9,0,88.6,62.8
1258,1957,11,9.4,3.8,5,25.2,55.7
1259,1957,12,8.2,2.7,3,109.3,48.9
1260,1958,1,7,1.5,9,86.4,57.2
1261,1958,2,8.3,2.1,8,99.3,59.8
1262,1958,3,7.4,0.9,13,35.1,100.9
1263,1958,4,11.9,3.9,4,30.6,133.3
1264,1958,5,14.6,5.3,0,67.2,193.6
1265,1958,6,17,9.3,0,137.5,121.5
1266,1958,7,19.2,11.3,0,138.2,144.4
1267,1958,8,18.3,11.2,0,99.1,108.4
1268,1958,9,18,11,0,74.2,102.3
1269,1958,10,13.7,7.6,0,99.5,86.6
1270,1958,11,10.6,5.2,1,42.4,48.1
1271,1958,12,7.2,1.7,5,131.4,35.8
1272,1959,1,5.5,-1,19,55.9,82.7
1273,1959,2,9.2,2.2,8,25.9,56.9
1274,1959,3,11.4,4.3,0,59.5,119.3
1275,1959,4,13.2,4.4,0,73.8,157.2
1276,1959,5,17.9,6.7,1,33.6,229.1
1277,1959,6,19.5,9.5,0,50.5,223.4
1278,1959,7,20.4,11.7,0,84.2,143.1
1279,1959,8,20.4,11.8,0,26.1,141.7
1280,1959,9,19.2,8.7,0,40.4,140.5
1281,1959,10,15.8,8.8,0,99.8,104.1
1282,1959,11,10,3.5,2,81.9,73.3
1283,1959,12,8.5,2.5,2,116,41
1284,1960,1,7.6,1,15,79.4,42.8
1285,1960,2,7.4,0.1,17,78.1,105.4
1286,1960,3,9.4,4,0,51.6,66
1287,1960,4,14.1,4.9,0,64.1,159.7
1288,1960,5,17.7,7.9,0,85,196.2
1289,1960,6,19.7,10.2,0,72.6,225.3
1290,1960,7,18.4,10.6,0,98.5,143.9
1291,1960,8,18.4,10,0,97.9,144.8
1292,1960,9,16.5,8.5,0,83.8,119.7
1293,1960,10,13,6.7,0,129.3,62.2
1294,1960,11,9.9,3.6,3,84.6,60.4
1295,1960,12,5.9,-0.2,13,77.5,65
1296,1961,1,7.1,0.5,8,91.3,54.4
1297,1961,2,10.4,4.4,2,78.1,67.3
1298,1961,3,12.6,5.6,0,27.8,86
1299,1961,4,13.1,5.1,2,131.8,108.2
1300,1961,5,15.2,6.3,0,77,178.4
1301,1961,6,17.7,9.2,0,41.5,143.1
1302,1961,7,17.9,9.9,0,47.8,89.8
1303,1961,8,18.5,10.2,0,64.3,137.1
1304,1961,9,17.4,9.5,0,93.6,116.3
1305,1961,10,13.3,6.7,0,101.3,104.3
1306,1961,11,9.3,3.2,3,58.2,63.7
1307,1961,12,5.7,-0.4,19,63.6,34.2
1308,1962,1,7.8,1,7,77.1,52.2
1309,1962,2,8.4,2.2,5,36,63.9
1310,1962,3,7.9,-0.7,16,54.8,126.4
1311,1962,4,12.8,3.1,4,51.7,194.9
1312,1962,5,15.3,5.5,0,72.2,211.6
1313,1962,6,17.6,8,0,33.5,174.5
1314,1962,7,18,10.1,0,52.3,103.5
1315,1962,8,18,9.6,0,83.3,154.9
1316,1962,9,15.1,8.3,0,166,70.9
1317,1962,10,13.9,7,0,41.7,91.4
1318,1962,11,8.8,3.5,3,49.6,39.7
1319,1962,12,7.2,1.2,9,88.8,36.1
1320,1963,1,2.3,-2.8,27,39.1,59.7
1321,1963,2,4.3,-1.9,23,63,71.8
1322,1963,3,10.9,2.7,8,90.9,119.5
1323,1963,4,12.4,4.1,1,71.4,133.2
1324,1963,5,14.5,5.4,0,71,182
1325,1963,6,18.5,9.4,0,120.8,164
1326,1963,7,18.4,10,0,38.2,168
1327,1963,8,17.6,10.3,0,103,112.4
1328,1963,9,16.3,8.5,0,58.4,129.5
1329,1963,10,14.2,7.8,0,100.2,75.2
1330,1963,11,10,3.7,5,139.1,48.9
1331,1963,12,6.2,1,11,19.4,51.3
1332,1964,1,7.9,2.9,1,48.6,27.3
1333,1964,2,7.9,2.4,9,31.3,64.2
1334,1964,3,8.5,2.2,8,65.8,69.5
1335,1964,4,12.8,5,1,52.7,121.2
1336,1964,5,16.5,8.1,0,46.9,169.8
1337,1964,6,17,9.5,0,56,126.3
1338,1964,7,19.1,11.2,0,42,110.6
1339,1964,8,18.6,10.5,0,96.6,146.5
1340,1964,9,17.5,9.3,0,61.8,128.3
1341,1964,10,12.5,5.6,0,132.9,67.5
1342,1964,11,10.3,3.5,6,59.7,67.3
1343,1964,12,6.9,0.8,10,89.1,41.8
1344,1965,1,6,0.1,13,112.6,62.2
1345,1965,2,6.7,0.7,11,7.7,44.9
1346,1965,3,9.5,1.8,6,62.5,117.1
1347,1965,4,12.6,3.9,1,74.6,153.6
1348,1965,5,15.4,7.3,1,56,137.3
1349,1965,6,18.3,9.7,0,86.4,135.4
1350,1965,7,17.5,9.2,0,65.3,125.3
1351,1965,8,17.8,10.2,0,89.1,124.6
1352,1965,9,15.5,7.9,0,68.2,70.8
1353,1965,10,14.2,7.4,0,59,75.5
1354,1965,11,7.3,1.7,10,118.5,70.8
1355,1965,12,7.6,1.4,6,96.8,52.3
1356,1966,1,6.2,1.9,10,69.5,29.5
1357,1966,2,7.8,3.6,0,116.5,41.2
1358,1966,3,11.6,3.9,1,60.7,124.8
1359,1966,4,9.9,3.7,4,101.5,88.9
1360,1966,5,15.9,6.3,0,69.4,219.5
1361,1966,6,18.9,11.1,0,103.1,140.3
1362,1966,7,19,10.2,0,35.9,164.1
1363,1966,8,17.9,9.7,0,67.5,128.2
1364,1966,9,17.7,10.1,0,68.6,106.1
1365,1966,10,12.8,5.4,1,144.1,103.6
1366,1966,11,8,1.7,8,84.9,63
1367,1966,12,8.2,2.3,4,111.4,40.5
1368,1967,1,7.6,2.4,7,51.3,50.3
1369,1967,2,8.8,2.4,2,72.1,83.9
1370,1967,3,10.1,3.3,3,62.6,115.1
1371,1967,4,13.4,4.1,1,42,140.3
1372,1967,5,13.8,5.3,2,108.9,140.5
1373,1967,6,18.5,9,0,28.8,165.9
1374,1967,7,19.6,11.1,0,93.7,97.6
1375,1967,8,18.7,10.5,0,83.5,127.2
1376,1967,9,17,9.1,0,115.6,120.9
1377,1967,10,12.9,5.9,0,124.1,88
1378,1967,11,9.3,2,7,54.1,75
1379,1967,12,7.1,1.9,11,67.8,41.1
1380,1968,1,7.8,2.5,7,87.3,33.6
1381,1968,2,5.8,-1.4,22,34,92.6
1382,1968,3,10.4,2.3,3,57.2,100.7
1383,1968,4,12.4,3.4,9,56.8,151.7
1384,1968,5,14,4.8,3,52.8,156.8
1385,1968,6,19.5,9.1,0,66.3,215.5
1386,1968,7,19.1,9.9,0,23.9,127.6
1387,1968,8,20.4,10.1,0,53.8,177.9
1388,1968,9,17,9.1,0,87.2,108.3
1389,1968,10,15,9.3,0,94.4,59
1390,1968,11,9.5,4.1,4,94,46.9
1391,1968,12,6.7,1.3,14,69.1,32.7
1392,1969,1,7.1,2.2,8,110.5,29.4
1393,1969,2,4.2,-1.8,16,59.2,65.9
1394,1969,3,7.3,0.3,13,33.3,82.8
1395,1969,4,12.7,2.3,8,64.6,184.8
1396,1969,5,14.8,6.4,0,102.2,128.8
1397,1969,6,18.3,8.3,0,60.4,190
1398,1969,7,20.2,11.4,0,33.8,165.9
1399,1969,8,19.3,11.6,0,54.3,135.3
1400,1969,9,17,9.5,0,21.5,77.2
1401,1969,10,16.1,9.2,0,37.2,64.8
1402,1969,11,7.2,0.9,15,128.3,61.5
1403,1969,12,6.8,1.6,9,75.2,31.7
1404,1970,1,6.5,1,11,76.1,24.7
1405,1970,2,5.8,-0.3,16,103.7,81.3
1406,1970,3,8.6,1,13,57.2,105.8
1407,1970,4,11.2,2.7,9,67.1,126.7
1408,1970,5,16.9,8.4,0,37.9,109.2
1409,1970,6,20.5,11.1,0,56.7,184
1410,1970,7,18.3,10,0,94.8,90
1411,1970,8,20,10.5,0,102.2,132.9
1412,1970,9,17,9.4,0,76.4,79.6
1413,1970,10,13.3,7.4,0,80,59
1414,1970,11,9.4,3.9,3,98,62.7
1415,1970,12,7.1,1.9,8,33,50.3
1416,1971,1,7.5,2.4,6,47.8,54.2
1417,1971,2,8.4,2.6,5,54.3,55.2
1418,1971,3,9.8,1.9,7,28.8,76.2
1419,1971,4,12.1,3.9,2,82.9,116.6
1420,1971,5,15.6,6.3,0,49.9,162.6
1421,1971,6,16.3,7.7,0,99.6,125.8
1422,1971,7,20.6,11,0,54.4,166.4
1423,1971,8,18.2,10.8,0,108.3,100.1
1424,1971,9,18.9,8.9,0,31.9,141.1
1425,1971,10,14.7,8.2,2,37.7,87.6
1426,1971,11,9.7,3.4,8,81.4,49.5
1427,1971,12,9.1,4.2,6,17,26.4
1428,1972,1,6.4,0.6,10,109.6,38.2
1429,1972,2,7.5,1.1,7,54.6,69.8
1430,1972,3,10,1.6,9,82.4,110.3
1431,1972,4,13,3.8,2,58.2,129.7
1432,1972,5,14.2,5.8,0,85.1,130
1433,1972,6,15.6,6.6,0,63.5,139.8
1434,1972,7,19.7,10.2,0,56.4,147.1
1435,1972,8,17.8,9.3,0,37.6,96
1436,1972,9,16.4,6.4,0,9.8,121.9
1437,1972,10,13.5,6.6,0,42.5,84.8
1438,1972,11,8.3,2.3,10,82.6,58
1439,1972,12,8.8,2.6,9,69.8,48.3
1440,1973,1,7.6,2.8,6,93.8,24.5
1441,1973,2,7.1,1.5,11,63.1,64.6
1442,1973,3,10.3,2.1,8,27.6,94.3
1443,1973,4,11.5,3,5,52.8,123.8
1444,1973,5,15,6.3,0,59.8,133.5
1445,1973,6,19.1,9.7,0,26.1,157.9
1446,1973,7,19.2,11.3,0,72.3,108.6
1447,1973,8,19.7,10.8,0,78.7,124.9
1448,1973,9,17.1,9.1,0,52.1,106.4
1449,1973,10,12.1,5.5,4,57.3,79.1
1450,1973,11,8.9,2.9,8,75,44.5
1451,1973,12,7.8,2.1,6,67.8,41.5
1452,1974,1,8.7,3.4,3,117.1,36.7
1453,1974,2,7.9,2.4,6,60.2,59.6
1454,1974,3,9.2,2.1,5,31.8,92.7
1455,1974,4,13.8,3,2,38,198.1
1456,1974,5,14.1,6.5,0,86.7,130.4
1457,1974,6,17.1,8.2,0,49.8,154.4
1458,1974,7,17.5,10.3,0,97.8,116.7
1459,1974,8,18.7,10.2,0,57.6,155.7
1460,1974,9,14.5,7.4,1,99.3,104.1
1461,1974,10,10.7,4.3,1,43.7,81.6
1462,1974,11,8.2,2.2,5,71.6,78.2
1463,1974,12,9.6,4.4,2,90.1,30.5
1464,1975,1,8.5,3.4,4,110.3,50.5
1465,1975,2,8.1,2.1,6,19.9,74
1466,1975,3,8.7,1.4,10,41.5,121.2
1467,1975,4,12.9,4.5,5,38.9,139.1
1468,1975,5,15.5,4.7,1,15.4,239.3
1469,1975,6,19.7,8.4,0,15,213.1
1470,1975,7,20.8,11.8,0,34.3,126.8
1471,1975,8,21.6,12,0,47.6,148.1
1472,1975,9,15.8,8.4,0,143.5,111.4
1473,1975,10,13.4,7.6,2,60.4,79.3
1474,1975,11,9.4,3.3,4,41.1,56.3
1475,1975,12,7.9,3,6,18,25.9
1476,1976,1,7.7,3.4,6,79.1,32.7
1477,1976,2,7.6,2.1,8,40.3,44
1478,1976,3,8.7,2.4,5,55.6,67.9
1479,1976,4,13,4.4,2,17.4,149.1
1480,1976,5,14.8,6.6,0,102.1,110.4
1481,1976,6,20.2,11.1,0,53.2,174.4
1482,1976,7,20.5,12.4,0,53.2,122.3
1483,1976,8,22.4,10.3,0,13.8,237.6
1484,1976,9,15.9,8.6,0,85.2,86.7
1485,1976,10,11.9,5.7,0,135.6,74.7
1486,1976,11,8.2,2.8,6,30.7,71.5
1487,1976,12,3.9,-0.4,17,82.2,24.3
1488,1977,1,4.9,-0.2,17,89.4,50.3
1489,1977,2,6.7,1.4,6,116.3,40
1490,1977,3,9.9,3.8,2,64.6,77
1491,1977,4,11,3.5,5,50.5,137.8
1492,1977,5,15.2,4.6,2,20,226.2
1493,1977,6,17.5,7.5,0,54,170.3
1494,1977,7,20.4,11.6,0,21.8,174.8
1495,1977,8,19.2,9.7,0,97.9,173.7
1496,1977,9,15.8,8.7,0,47.2,93.2
1497,1977,10,14.2,8.7,0,66,79
1498,1977,11,7,1.2,10,91.5,58.1
1499,1977,12,8.2,3.8,3,69.4,20
1500,1978,1,5.7,0.8,11,77.4,64.7
1501,1978,2,5.9,0.4,12,47.2,61.7
1502,1978,3,9.5,2.8,6,85.4,100.6
1503,1978,4,10.6,2.9,4,26.3,109.1
1504,1978,5,16.7,6.5,0,28.6,163.8
1505,1978,6,16.9,8.8,0,42.4,123.5
1506,1978,7,18.1,10.5,0,55.8,121.9
1507,1978,8,17.8,11,0,50.9,73
1508,1978,9,16.6,10.2,0,72.2,88.6
1509,1978,10,14.2,9.2,0,44.3,88.4
1510,1978,11,10.8,5.3,4,77.2,54.4
1511,1978,12,6.4,2,9,166,42.8
1512,1979,1,3.7,-2.3,23,61.8,55.7
1513,1979,2,4.8,-0.3,16,19.2,58.5
1514,1979,3,7.6,0.7,14,72.3,103.5
1515,1979,4,10.8,3.4,2,73.7,121.7
1516,1979,5,13.1,4.5,4,99.4,153.9
1517,1979,6,17.7,9.2,0,52.7,134.4
1518,1979,7,19.1,11.3,0,34.7,107.2
1519,1979,8,18,9.7,0,107.9,123
1520,1979,9,15.9,8.5,0,40.8,101.2
1521,1979,10,13.5,7.7,1,112.4,89.4
1522,1979,11,9.7,3.3,7,98.7,62.4
1523,1979,12,6.6,2,10,91.7,45
1524,1980,1,5.2,-0.4,19,75,41.7
1525,1980,2,8.1,2,8,72.9,53.8
1526,1980,3,8.2,1.1,10,101.5,95.2
1527,1980,4,13.7,4.3,0,14,128.1
1528,1980,5,16.2,6.4,0,34.2,220.1
1529,1980,6,16.7,9.1,0,96.8,88.7
1530,1980,7,17.4,10.1,0,50.4,96.9
1531,1980,8,19.2,10.9,0,59.6,96.2
1532,1980,9,17,10.7,0,70.3,92.5
1533,1980,10,11.8,5.4,0,112,81
1534,1980,11,9.2,4,6,61.7,52.2
1535,1980,12,8.1,2.3,7,99.9,23.9
1536,1981,1,7.9,2.6,6,50.9,37.1
1537,1981,2,6.9,1.5,7,47.3,59.6
1538,1981,3,10.9,4,0,108,76.3
1539,1981,4,12.8,3.8,3,47.7,152.5
1540,1981,5,15,6.6,1,97.8,126.8
1541,1981,6,16.9,8.8,0,85,109.9
1542,1981,7,18.3,11.1,0,63.8,95.9
1543,1981,8,20,11.1,0,35.9,110
1544,1981,9,17,10,0,136.8,110.3
1545,1981,10,10.4,3.4,2,110.6,92.5
1546,1981,11,10.1,3.9,3,70.1,48.2
1547,1981,12,4,-1.1,16,69.2,17.8
1548,1982,1,6.3,0.9,14,79.9,42.3
1549,1982,2,8.1,2,9,65.7,61.2
1550,1982,3,10.1,2.1,5,101.6,134.5
1551,1982,4,14.1,4.5,2,9,141.5
1552,1982,5,15.7,6,3,30.7,170.1
1553,1982,6,18.6,10.2,0,80,132.6
1554,1982,7,20.7,11.1,0,15.1,155.9
1555,1982,8,18.9,10.5,0,64.1,122.9
1556,1982,9,16.6,9.3,0,69.3,108.8
1557,1982,10,12.8,5.9,0,101.4,77
1558,1982,11,8.7,3.3,2,131,41.3
1559,1982,12,6.9,1.2,13,114.3,41.5
1560,1983,1,8.4,2.8,4,76.5,40.5
1561,1983,2,5.5,0,13,34.4,67.5
1562,1983,3,10.1,3.9,2,79.6,54.5
1563,1983,4,10.7,1.7,11,60.1,147.6
1564,1983,5,13.8,6,0,67,117.1
1565,1983,6,17.4,9.6,0,40.2,114
1566,1983,7,23.3,12.6,0,15.1,177.1
1567,1983,8,21.4,12.5,0,32.5,117.1
1568,1983,9,16.2,9.5,0,67.6,67.1
1569,1983,10,13,6.7,2,92.4,79.7
1570,1983,11,10.1,4.1,6,28.4,27.5
1571,1983,12,8.8,4,6,111.3,29.8
1572,1984,1,5.2,-0.4,15,127.9,38.7
1573,1984,2,7.3,1.5,8,94.7,42.1
1574,1984,3,8.2,1.8,5,65.5,71.3
1575,1984,4,13.3,3.8,4,13.9,158.4
1576,1984,5,15.9,4.1,0,20.3,214.1
1577,1984,6,18.8,10.2,0,47.4,132.3
1578,1984,7,21,11,0,49.9,173
1579,1984,8,21.1,11.7,0,87.2,141.5
1580,1984,9,15.9,8.8,0,78.8,96.5
1581,1984,10,13.3,6.1,2,79.7,87.7
1582,1984,11,8.7,2.9,5,90.8,48.4
1583,1984,12,8,2.4,7,81.6,28.4
1584,1985,1,3.2,-2.2,25,46.8,52.5
1585,1985,2,6.5,1,14,23.5,69.6
1586,1985,3,8.4,1.4,8,57.6,85.1
1587,1985,4,12.7,4.8,2,50.5,126.5
1588,1985,5,14.6,6,0,63.2,145.4
1589,1985,6,17.1,7.7,0,55.1,154.3
1590,1985,7,18.8,11.2,0,99.4,89.6
1591,1985,8,16.9,10,0,136.8,98.3
1592,1985,9,17.6,10.2,0,88.3,79.7
1593,1985,10,13.8,7.3,0,42.7,71.2
1594,1985,11,7.9,-0.1,18,40.4,62.7
1595,1985,12,8.6,3.2,6,60.1,46.9
1596,1986,1,6.5,0.5,12,105,41.6
1597,1986,2,3.5,-1.7,19,4.4,68.1
1598,1986,3,9.4,1.8,8,71.3,113.8
1599,1986,4,10,1.5,7,99.6,138
1600,1986,5,14,6.5,0,98.4,159.6
1601,1986,6,18.6,9.8,0,44.5,141.1
1602,1986,7,18,11.2,0,51.6,76.2
1603,1986,8,16.2,8.1,0,109.3,110.3
1604,1986,9,16.2,6.7,0,4.2,142.8
1605,1986,10,13.6,6.8,0,90.6,105.4
1606,1986,11,10.3,3.5,3,83.2,74.9
1607,1986,12,8.2,2.6,5,100.5,40.6
1608,1987,1,5.6,0.1,15,31,41.1
1609,1987,2,8,-0.2,13,35.4,62.6
1610,1987,3,8.6,1.2,11,77.8,71.7
1611,1987,4,13.6,5.2,1,41.9,91.1
1612,1987,5,15.2,5.7,0,27.3,170.6
1613,1987,6,15.5,8.1,0,91.4,77.4
1614,1987,7,19.9,11.5,0,36.4,109.5
1615,1987,8,18.8,11,0,105.1,105.2
1616,1987,9,16.3,8.2,0,76.5,145.8
1617,1987,10,11.9,4.5,2,128.5,109.1
1618,1987,11,9.4,3.8,4,46.9,52.9
1619,1987,12,8.2,2.6,8,34,23.7
1620,1988,1,7.1,1.5,6,129.9,55.5
1621,1988,2,7.8,1.5,8,76.8,71.1
1622,1988,3,9.7,3.3,2,108.2,80.6
1623,1988,4,12.8,4.6,3,30.6,134
1624,1988,5,15.7,6.1,0,51.2,172.6
1625,1988,6,19.6,9.6,0,37.4,166.4
1626,1988,7,17.4,10.5,0,91.5,114.6
1627,1988,8,17.9,10.5,0,86.5,116.6
1628,1988,9,15.9,9.2,0,77.4,108.3
1629,1988,10,13.1,6.2,3,89.2,95.4
1630,1988,11,9.3,2.1,8,34.5,66.8
1631,1988,12,9.9,5.4,0,67,38.1
1632,1989,1,9.7,4.1,0,46.6,55.5
1633,1989,2,9,2.4,5,48.1,87.7
1634,1989,3,10.6,2.7,3,81.3,112.4
1635,1989,4,10.7,2,8,89.8,109.1
1636,1989,5,17.2,6.7,0,20,227.5
1637,1989,6,19.1,9,0,34.3,183.1
1638,1989,7,23.8,12.3,0,36.1,243.8
1639,1989,8,18.5,11.5,0,88.2,118.1
1640,1989,9,16.3,9.2,0,48.5,98.5
1641,1989,10,13.8,8.3,0,93,61.7
1642,1989,11,8.9,4,5,25.1,45.2
1643,1989,12,6.4,1,12,54.5,24.3
1644,1990,1,9,3.3,1,88.1,58.6
1645,1990,2,8.7,2.6,2,153.7,61
1646,1990,3,11.3,5.3,2,39.8,88.9
1647,1990,4,12.2,3.5,1,48.5,149.4
1648,1990,5,17.1,7.5,0,42.6,165
1649,1990,6,16.9,9,0,69.5,135.5
1650,1990,7,20.2,11.4,0,31.8,214.9
1651,1990,8,19.5,12.6,0,90.6,104.3
1652,1990,9,16.1,8,0,23.1,120
1653,1990,10,13.5,8.2,0,147.7,77.2
1654,1990,11,9.5,3.2,7,51,73
1655,1990,12,7.2,1.2,9,97.3,46.1
1656,1991,1,6.3,0.7,14,64,69.4
1657,1991,2,6.3,-0.3,14,33.3,48.4
1658,1991,3,10.7,3.9,4,85.8,87.2
1659,1991,4,11.3,4.5,0,90,147
1660,1991,5,15.4,7.1,1,6.6,143.6
1661,1991,6,15.7,8,0,57,114.3
1662,1991,7,20.1,12.7,0,20.1,132.5
1663,1991,8,20.1,12,0,26,153
1664,1991,9,18.4,9.1,0,39.4,163.2
1665,1991,10,12.3,6.5,0,82.1,70.8
1666,1991,11,9.4,3.4,4,84.2,63.8
1667,1991,12,8.8,3.5,3,91.2,31.2
1668,1992,1,7.2,2.4,7,59,26.8
1669,1992,2,9.1,2.5,6,40.2,55.5
1670,1992,3,10.4,4.5,0,95.7,71.9
1671,1992,4,11.3,4.8,0,70.7,79.5
1672,1992,5,16.6,7.9,0,36.8,179.2
1673,1992,6,19.5,10.5,0,52.2,158.6
1674,1992,7,18.9,11.3,0,59.4,112.9
1675,1992,8,17.3,10.3,0,146.4,143.3
1676,1992,9,15.3,8,0,64.2,85.9
1677,1992,10,11,4,2,47.6,85.5
1678,1992,11,10,4.1,2,101.3,57.8
1679,1992,12,7,0.9,9,63.2,40.4
1680,1993,1,8.4,3,2,90.3,40.4
1681,1993,2,8.9,4.1,4,17.5,24.8
1682,1993,3,9.8,3.2,7,39,77.4
1683,1993,4,12.7,5.5,0,82.3,112.1
1684,1993,5,14.5,6.5,0,129.8,121.2
1685,1993,6,17.6,10.6,0,64.9,88.3
1686,1993,7,17.4,11.2,0,78.8,92.6
1687,1993,8,17.5,10.1,0,57.8,140.4
1688,1993,9,15.7,8.6,0,97.7,96.4
1689,1993,10,11,4.1,5,40.1,87
1690,1993,11,8.5,2.4,8,45.1,56.8
1691,1993,12,7.3,2.3,5,141.9,34
1692,1994,1,7.7,1.9,9,90.7,53.1
1693,1994,2,6.1,0.1,13,107.8,48.6
1694,1994,3,9.9,3.8,0,86.8,106.4
1695,1994,4,11.7,3.5,1,66.7,174.4
1696,1994,5,13.8,5.9,0,39.7,142.2
1697,1994,6,16.4,9.3,0,37.6,102.9
1698,1994,7,19.5,11.8,0,59.2,127.5
1699,1994,8,17.9,10.3,0,62.4,113.4
1700,1994,9,15.8,8.3,0,63.2,110.5
1701,1994,10,13.5,6.7,0,38.4,112.9
1702,1994,11,12.5,6.3,0,56,60.6
1703,1994,12,8.9,3.2,4,109.5,49.9
1704,1995,1,7.6,1.4,11,103,32.2
1705,1995,2,8.8,3,1,89.3,58.3
1706,1995,3,8.8,1.9,7,60.4,102.2
1707,1995,4,13,4.7,5,32.9,149.1
1708,1995,5,14.9,6.6,0,25.9,164.3
1709,1995,6,19,9.2,0,28.9,227
1710,1995,7,21.2,12.7,0,41.5,150.9
1711,1995,8,23.8,12.5,0,10.4,242.7
1712,1995,9,17.1,9.1,0,60.3,124.4
1713,1995,10,15.4,9.1,0,134.6,105.1
1714,1995,11,11,5.2,3,152,60.5
1715,1995,12,5.6,1,11,39.9,31.5
1716,1996,1,7.9,4.3,5,77,24.1
1717,1996,2,7.2,-0.4,17,65.9,109.4
1718,1996,3,7.8,2.9,2,48.5,47.6
1719,1996,4,12.5,4.8,4,93.2,116.4
1720,1996,5,13.3,4.4,2,78.9,170.5
1721,1996,6,18.2,9.1,0,23,184.9
1722,1996,7,19.2,11.2,0,54.1,138.4
1723,1996,8,18.4,11,0,83.5,100.7
1724,1996,9,17.6,9.1,0,27.5,142.8
1725,1996,10,14.1,8.1,0,76.1,72.1
1726,1996,11,8.8,2.3,12,76.1,72
1727,1996,12,6.3,1.4,10,48.2,41.9
1728,1997,1,6.7,2.2,10,18.9,20.5
1729,1997,2,9.6,2.8,3,94.6,75.9
1730,1997,3,11.7,4.5,6,29.2,88.6
1731,1997,4,13.2,5.4,1,34.6,81.9
1732,1997,5,15.6,6.9,1,84.6,201.9
1733,1997,6,16.5,9.1,0,91.6,136.6
1734,1997,7,19.5,11.9,0,95.3,122.5
1735,1997,8,21,13.3,0,43,185
1736,1997,9,16.9,9.3,0,35.6,145.9
1737,1997,10,13.7,7.2,0,67.4,87
1738,1997,11,11.3,6.3,1,82.2,47.3
1739,1997,12,9.1,3.5,4,85.5,36.3
1740,1998,1,7.6,2.4,8,111.6,55
1741,1998,2,11.1,5.7,0,15.6,61
1742,1998,3,11,5.2,0,51.3,60.1
1743,1998,4,11,4,6,76.8,133.5
1744,1998,5,16,8,0,37.6,137.7
1745,1998,6,16.9,9.5,0,84.8,137.1
1746,1998,7,17.9,11.3,0,85.6,127.2
1747,1998,8,19,11.7,0,55.1,156.3
1748,1998,9,17.3,10.5,0,53.4,106.9
1749,1998,10,13.3,7.2,0,118.4,105.7
1750,1998,11,9.9,4.2,2,70.2,66.6
1751,1998,12,9.2,3.5,5,89.9,34.5
1752,1999,1,7.6,2.3,5,107.3,45.3
1753,1999,2,8.4,3,4,50.9,62.3
1754,1999,3,11,3.7,3,38.9,128.3
1755,1999,4,13.3,5.8,5,63.6,160.8
1756,1999,5,15.6,8.5,0,48.2,120.6
1757,1999,6,16.5,9.2,0,40.2,126.9
1758,1999,7,20.7,12.4,0,39.6,187.3
1759,1999,8,18.9,11.7,0,65.1,117.9
1760,1999,9,17.5,11.4,0,158.9,106.9
1761,1999,10,13.6,7.9,0,30.5,92.6
1762,1999,11,10.6,4.7,1,79.7,52.4
1763,1999,12,7.4,1.7,6,153.6,39.1
1764,2000,1,8,2.4,6,29.3,41.9
1765,2000,2,9.3,2.9,3,79,78.9
1766,2000,3,11.1,4.6,2,28.2,82.9
1767,2000,4,10.9,3.3,5,105.6,138.5
1768,2000,5,16.6,6.5,0,45.2,233.1
1769,2000,6,18,10,0,51.5,140.7
1770,2000,7,20.1,10.9,0,13.4,119.1
1771,2000,8,20.5,11.5,0,110.6,167.7
1772,2000,9,17.6,10.6,0,89.6,114.6
1773,2000,10,13,6.8,0,109.1,96.8
1774,2000,11,9,3.4,1,102.1,42.1
1775,2000,12,7.6,2.6,11,115.8,32.2
1776,2001,1,6.2,-0.1,13,35.6,63.6
1777,2001,2,8.4,0.9,13,43,87.5
1778,2001,3,8.4,1.7,9,55.4,117.2
1779,2001,4,11.7,3.8,2,63.3,124.8
1780,2001,5,17.4,7.5,0,51.7,196.7
1781,2001,6,17,9.4,0,51.5,125.8
1782,2001,7,19.4,11.5,0,41.1,121.2
1783,2001,8,19.5,11.7,0,88.1,152.2
1784,2001,9,17.2,9.8,0,52.2,117.8
1785,2001,10,15.3,9.8,0,80.2,90.7
1786,2001,11,11,5.6,0,41.6,35.6
1787,2001,12,7.8,0.5,15,43.1,77
1788,2002,1,9.8,3.8,4,78.9,52.1
1789,2002,2,9.6,3.2,2,110.5,84.4
1790,2002,3,11.6,3.8,5,56.5,122.7
1791,2002,4,13,5.1,2,113.2,170.6
1792,2002,5,15.5,7.2,0,107.8,167.7
1793,2002,6,16.9,10.2,0,76.7,128.4
1794,2002,7,17.9,11.2,0,102.8,102
1795,2002,8,19.7,11.9,0,41.4,119.4
1796,2002,9,17.8,9.8,0,39.9,119.9
1797,2002,10,12.7,5.9,1,158,79.4
1798,2002,11,11.4,6,0,133.9,62
1799,2002,12,7.5,3.1,6,50.8,36.9
1800,2003,1,7.6,1.7,11,70.4,61.1
1801,2003,2,8.2,1.2,11,53.4,88.1
1802,2003,3,12.4,2,8,32.1,146.1
1803,2003,4,14.3,5.1,3,31.5,169.4
1804,2003,5,14.7,7.4,0,108.6,144.4
1805,2003,6,18.3,10.3,0,89.3,170.5
1806,2003,7,19.8,13.1,0,78.7,108.9
1807,2003,8,21.1,11.7,0,17.4,183.6
1808,2003,9,17.7,9.6,0,52.2,114.3
1809,2003,10,12.8,5.2,3,31.6,96.8
1810,2003,11,11,4.8,0,64.6,89
1811,2003,12,8.4,2.2,8,53.8,51.7
1812,2004,1,8.1,2.6,7,79.1,51.1
1813,2004,2,8.9,1.3,14,27.1,100
1814,2004,3,10.9,3.1,5,58.5,131
1815,2004,4,12.9,5.5,0,53.3,150.8
1816,2004,5,16.5,7,0,51.9,181.3
1817,2004,6,19,11.1,0,67.5,144.2
1818,2004,7,18.5,11.1,0,49.7,140.6
1819,2004,8,20.2,12.5,0,100.7,166.2
1820,2004,9,17.3,10.7,0,77.5,118
1821,2004,10,12.6,5.7,1,143.3,99.1
1822,2004,11,10.9,6.2,2,36.6,43.4
1823,2004,12,9.4,3.5,4,54.2,50.7
1824,2005,1,9.2,3.6,3,86.7,44.4
1825,2005,2,8.3,2,6,39.4,71.1
1826,2005,3,11.4,4.2,5,47.2,82.8
1827,2005,4,12.5,4.4,1,53.1,139.6
1828,2005,5,15.1,6.1,0,76.7,178.4
1829,2005,6,18.7,10.9,0,37.8,114
1830,2005,7,19.6,12.2,0,66.9,118.5
1831,2005,8,19.3,11.7,0,56.8,140.2
1832,2005,9,18,11,0,68,106.4
1833,2005,10,14.8,8.8,0,91.5,72.1
1834,2005,11,10,2.8,9,47.1,78.8
1835,2005,12,8.6,3,7,67.9,32.2
1836,2006,1,8.1,2,7,29.8,39.5
1837,2006,2,8.5,1,12,29.8,86.6
1838,2006,3,9.5,2.1,8,90.5,87
1839,2006,4,12.7,4,3,45.2,164.2
1840,2006,5,15.6,6.9,0,95.7,179.2
1841,2006,6,20.3,10.4,0,14.6,186
1842,2006,7,23.4,12.7,0,57.9,228.3
1843,2006,8,19.3,11.7,0,62.1,103.3
1844,2006,9,18.8,11.3,0,112.4,116.5
1845,2006,10,15.7,8.5,0,113.7,98.5
1846,2006,11,10.9,4,2,82.4,85.1
1847,2006,12,9.1,3.6,4,93.8,51.4
1848,2007,1,9.6,3.4,6,78.2,56.3
1849,2007,2,9.5,2.1,7,44.7,76
1850,2007,3,10.9,2.8,5,66.8,112.8
1851,2007,4,16.4,6.1,0,16.1,203.6
1852,2007,5,16.4,6.9,0,49.8,237.9
1853,2007,6,18.7,10.3,0,135.3,126.1
1854,2007,7,18.8,10.9,0,131,150
1855,2007,8,18.9,11.6,0,109.8,118.2
1856,2007,9,17.2,10.1,0,25.8,120.7
1857,2007,10,15.6,7.9,1,25.8,100.1
1858,2007,11,11.5,6.1,4,58.5,36.8
1859,2007,12,9.6,3,4,80.6,45.2
1860,2008,1,8.8,3.1,4,133.5,41.3
1861,2008,2,10.2,1.7,9,33.4,90.4
1862,2008,3,10.1,2.4,5,90.2,124.8
1863,2008,4,12.8,3.9,4,19.8,187.1
1864,2008,5,18.3,8.1,0,20.4,239.2
1865,2008,6,18.1,9.4,0,43.8,160.4
1866,2008,7,19.6,12,0,94.9,114.6
1867,2008,8,18.6,12.4,0,151.2,69
1868,2008,9,16.3,9,0,98.2,88
1869,2008,10,12.5,5.5,2,79,117.5
1870,2008,11,9.5,4.2,3,36.6,51.1
1871,2008,12,7.3,0.6,16,56.2,52.5
1872,2009,1,6.9,1,12,64.4,64.2
1873,2009,2,8.1,2.6,9,19.2,59.2
1874,2009,3,11.1,2.9,6,32.8,108.5
1875,2009,4,13.5,5.4,0,90.9,158.9
1876,2009,5,15.4,7,0,77.7,202.5
1877,2009,6,19.7,9.3,0,56.6,223.9
1878,2009,7,19.5,12,0,97.6,151.9
1879,2009,8,18.9,12,0,124.7,123
1880,2009,9,17.4,9.8,0,23.6,122.2
1881,2009,10,14.7,8.5,0,84.6,69.4
1882,2009,11,10.5,4.2,5,171.8,71.6
1883,2009,12,5.8,-0.1,16,47.6,53.3
1884,2010,1,4.9,-1,17,44,47.3
1885,2010,2,6.2,-0.9,17,42.2,51.9
1886,2010,3,10.5,0.9,12,83.7,124.1
1887,2010,4,14.2,4.1,3,33.6,167.6
1888,2010,5,15.7,6.2,0,41.8,195.5
1889,2010,6,20.1,10.8,0,63.1,184.1
1890,2010,7,19.6,12.4,0,122.2,113.5
1891,2010,8,18.6,10.4,0,41,158.2
1892,2010,9,17.3,10,0,131.9,117.4
1893,2010,10,14.1,6.2,2,38.4,109.6
1894,2010,11,8.3,1.2,12,115,81.3
1895,2010,12,3,-3.8,24,37.7,48.7
1896,2011,1,6.4,0.5,11,31.8,71.8
1897,2011,2,10.3,3.4,1,100.8,74.6
1898,2011,3,11.1,2.5,7,50.7,119.5
1899,2011,4,16.6,6.9,0,19.5,194
1900,2011,5,15.1,8.2,0,68.8,182.3
1901,2011,6,17,8.7,0,74,138.5
1902,2011,7,19,10.8,0,32.9,121.3
1903,2011,8,18.5,10.5,0,46.1,118.6
1904,2011,9,17.2,11.1,0,90.8,91.7
1905,2011,10,14.2,8.8,0,182.5,59.2
1906,2011,11,12.5,6.3,1,91,74.7
1907,2011,12,8.2,2.9,4,83,28.7
1908,2012,1,8.8,3.7,2,67.8,45.3
1909,2012,2,9.4,4.3,5,31.3,31
1910,2012,3,13,4.9,2,16.6,120.6
1911,2012,4,11.4,2.6,4,51.2*,140.8
1912,2012,5,15.9,6.4,0,50.5,203.6
1913,2012,6,16.5,9.3,0,146.6,85.6
1914,2012,7,18.2,10.6,0,113.7,107.5
1915,2012,8,20,12.4,0,85.4,146.7
1916,2012,9,16.5,8.9,0,86.3,123.8
1917,2012,10,12.5,4.7,1,86.9,90.6
1918,2012,11,9.3,3,6,46.7,67.6
1919,2012,12,8,1.7,9,70.1,56.7
1920,2013,1,7.6,2.5,7,85.9,33.1
1921,2013,2,7.9,0.8,12,68,75
1922,2013,3,6.4,0.3,13,90.2,52
1923,2013,4,11.5,3.2,6,50.1,164.2
1924,2013,5,14.9,6.3,0,75.7,179.8
1925,2013,6,18.8,9.4,0,52.1,174
1926,2013,7,23.1,13.3,0,54.6,226.7
1927,2013,8,19.7,12.5,0,57.3,115.8
1928,2013,9,17.4,10.1,0,49.7,95
1929,2013,10,15,8.3,0,129.3,105.8
1930,2013,11,9.7,3.3,3,38.2,78.7
1931,2013,12,9.5,3.8,0,102.3,44.3
1932,2014,1,7.8,2.6,3,107,41.3
1933,2014,2,8.5,2.3,2,107,87.3
1934,2014,3,10.6,3.2,4,66.8,86.9
1935,2014,4,14.8,6.1,0,45.8,168.8
1936,2014,5, 16.2*,8.1*,0*,63, 110.7*
1937,2014,6, 19.1*, 10.2*,0*, 44.6*,175.0*
1938,2014,7, 21.4*, 11.6*,0*, 56.2*,155.3*
1939,2014,8, 18.2*, 10.0*,0*,118.6*,160.8*
1940,2014,9,19,8.6,0,3.3,101.8
1941,2014,10,14.8,6.6,0,102.8,90.8
1942,2014,11,10.7,3.4,3,149,58.9
1943,2014,12,7.9,1.1,12,98.5,53.2
1944,2015,1,7.5,0.1,15,85.3,67.5
1945,2015,2,7.9,0.3,11,53.7,61.7
1946,2015,3,10.5,1.4,12,49.8,137.7
1947,2015,4,14.1,2.4,4,61.6,204.3
1948,2015,5,14,5.6,1,99.6,167
1949,2015,6,18,8.6,0,29.3,183
1950,2015,7,18.3,10.4,0,78.8,117.7
1951,2015,8,18.7,10.4,0,117.5,147.2
1952,2015,9,16.9,8.6,0,30.3,125
1953,2015,10,14.5,6.5,0,42.3,92.9
1954,2015,11,11.9,5.4,1,120.8,44.4
1955,2015,12,10.8,4.6,2,186.1,38.6
1956,2016,1,8.4,3,5,131.9,44.5
1957,2016,2,8.2,1.1,10,62.6,71.3
1958,2016,3,10.7,3,4,43.8,117.3
1959,2016,4,11.3,2.8,5,54,139.7
1960,2016,5,17.1,7,0,41.4,209.6
1961,2016,6,19.3,11,0,75.1,113.6
1962,2016,7,19.5,11.8,0,80.6,113.1
1963,2016,8,19.6,12.1,0,52.5,134.6
1964,2016,9,18.2,11.3,0,65.4,91.1
1965,2016,10,14.2,7.1,0,37.1,89.8
1966,2016,11,8.8,2.3,8,40.8,75.5
1967,2016,12,10,4.1,1,51.4,50.5
1968,2017,1,8.4,2.7,10,27.3,52
1969,2017,2,9.2,2.8,7,47.9,43.2
1970,2017,3,12.2,4.2,3,71,116
1971,2017,4,12.9,5.4,1,8.7,96.3
1972,2017,5,18.5,7.9,0,35.6,250.2
1973,2017,6,18.7,11,0,77.5,97.5
1974,2017,7,19.8,11.2,0,82.5,153
1975,2017,8,19.1,11,0,77.7,130.5
1976,2017,9,16.7,9.4,0,91.8,115.7
1977,2017,10,14.8,8.5,0,66.5,58.8
1978,2017,11,9.6,3.7,1,63,65.3
1979,2017,12,7.8,2.7,9,78.4,31.8
1980,2018,1,7.2,1.8,6,127.1,51.1
1981,2018,2,7.1,0.2,11,61.6,96.6
1982,2018,3,8.2,1.4,9,66.3,79.4
1983,2018,4,12.8,5,2,75.6,129.2
1984,2018,5,17.9,7.9,0,32.8,202.5
1985,2018,6,21.9,10.4,0,49.5,189.5
1986,2018,7,21.6,12.2,0,58.4,178.9
1987,2018,8,19.1,11.7,0,80.4,118.8
1988,2018,9,16.5,8.7,0,31.5,105.7
1989,2018,10, 13.0*,6.5,3,32.8,94.5
1990,2018,11, 10.2*,5,3,109.5,66.8
1991,2018,12,9.0*,4.8,2,85.7,23.5
1992,2019,1,7.9,3,7,22.2,39.4
1993,2019,2,11.2,3.6,3,48.8,80.1
1994,2019,3,10.9,4.2,1,111.7,77.4
1995,2019,4,13.5,5.2,1,54.2,108.5
1996,2019,5,15.5,6.3,0,41.8,126.8
1997,2019,6,18,9.5,0,104.8,136.3
1998,2019,7,20.9,12.8,0,55.8,132.6
1999,2019,8,20.1,12.1,0,125.2,166.3
2000,2019,9,17.9,9.9,0,79.6,117.8
2001,2019,10,13,5.7,2,69.4,113.3
2002,2019,11,9.1,3.1,6,84.8,53.4
2003,2019,12,8.4,3.5,2,74.4,47.6
2004,2020,1,8.8,3.2,3,42.2,47
2005,2020,2,8.5,2.5,1,144.2,83.7
2006,2020,3,10.4,2.5,4,45,128.8
2007,2020,4,15.6,4.9,1,17.4,213.7
2008,2020,5,17.6,7,2,18.2,224.9
2009,2020,6,18.7,10.5,0,69.8,90.4
2010,2020,7,18.1,11.1,0,81.2,81.5
2011,2020,8,19.7,12.2,0,144.2,122.2
2012,2020,9,17.8,9.7,0,51.6,120
2013,2020,10,13.5,6.7,0,89,115.6
2014,2020,11,11.2,5.2,2,74.4,48.5
2015,2020,12,7.5,2.2,6,78.8,42.4
2016,2021,1,6.1,0.2,17,102.8,51.2
2017,2021,2,8.9,3.2,5,74.6,69.2
2018,2021,3,11.2,4.2,3,44.2,72.6
2019,2021,4,12.8,2.1,5,14.8,210.5
2020,2021,5, 15.0*,5.2*,1*,108.2,208.7
2021,2021,6, 19.4*,10.1,0,22.4,152.3
2022,2021,7, 22.6*,13,0,26.4,160
2023,2021,8, 19.8*,12.2,0,92.2,100.7
2024,2021,9, 18.8*,11.9,0,77,75.7
2025,2021,10, 14.8*,8.7,0,82.2,105.7
2026,2021,11, 10.6*,5.4,1,35.6,49.7
2027,2021,12,8.7*,4.2,0,107.2,27.8
2028,2022,1,8.2*,3.7,2,42,50.3*
2029,2022,2,9.2*,3.6,2,117.6,57.5*
2030,2022,3,12.4,2.8,5,42, 196.0*
2031,2022,4,13.1,4.4,5,49.2, 161.1*
2032,2022,5,16.6,8.9,0,70, 139.8*
2033,2022,6,18.2,10.5,0,57.4, 115.2*
2034,2022,7,20.7,12.8,0,24,99.3*
2035,2022,8,21.8,11.9,0,25.8, 195.9*
2036,2022,9,18,10.2,0,111.2, 123.3*
2037,2022,10,14.9,8.7,0,152,80.3*
2038,2022,11,11.8,6,0,96.2,68.2*
